de,a,"from (manual)","to (manual)",Timezone,"Activity type",Data,GPS,Modified
2018-11-05T09:30:00+01:00,2018-11-05T10:15:00+01:00,,,Europe/Madrid,Swimming,"{""calories"":172,""hr_average"":0,""hr_min"":0,""hr_max"":0,""hr_zone_0"":0,""hr_zone_1"":0,""hr_zone_2"":0,""hr_zone_3"":0,""laps"":0,""mvts"":0,""pool_length"":25,""type"":9}",,2018-11-05T23:26:44+01:00
2018-11-05T11:02:00+01:00,2018-11-05T11:21:00+01:00,,,Europe/Madrid,Walking,"{""calories"":43,""intensity"":50,""hr_average"":0,""hr_min"":0,""hr_max"":0,""hr_zone_0"":0,""hr_zone_1"":0,""hr_zone_2"":0,""hr_zone_3"":0,""steps"":2096,""distance"":1721,""elevation"":89,""metcumul"":89}","{""end_coordinate_latitude"":0,""end_coordinate_longitude"":0,""region_center_latitude"":0,""region_center_longitude"":0,""span_latitude_delta"":0,""span_longitude_delta"":0,""start_coordinate_latitude"":0,""start_coordinate_longitude"":0}",2018-11-06T15:44:38+01:00
2018-11-05T14:10:00+01:00,2018-11-05T14:30:00+01:00,,,Europe/Madrid,Walking,"{""calories"":38,""intensity"":50,""hr_average"":0,""hr_min"":0,""hr_max"":0,""hr_zone_0"":0,""hr_zone_1"":0,""hr_zone_2"":0,""hr_zone_3"":0,""steps"":2099,""distance"":1623,""elevation"":83,""metcumul"":83}",,2018-11-05T23:23:46+01:00
2018-11-05T18:29:00+01:00,2018-11-05T18:47:00+01:00,,,Europe/Madrid,Walking,"{""calories"":32,""intensity"":50,""hr_average"":0,""hr_min"":0,""hr_max"":0,""hr_zone_0"":0,""hr_zone_1"":0,""hr_zone_2"":0,""hr_zone_3"":0,""steps"":1791,""distance"":1360,""elevation"":72,""metcumul"":72}",,2018-11-05T23:23:50+01:00
2018-11-05T21:01:00+01:00,2018-11-05T21:21:00+01:00,,,Europe/Madrid,Walking,"{""calories"":32,""intensity"":50,""hr_average"":0,""hr_min"":0,""hr_max"":0,""hr_zone_0"":0,""hr_zone_1"":0,""hr_zone_2"":0,""hr_zone_3"":0,""steps"":1850,""distance"":1379,""elevation"":75,""metcumul"":75}","{""end_coordinate_latitude"":0,""end_coordinate_longitude"":0,""region_center_latitude"":0,""region_center_longitude"":0,""span_latitude_delta"":0,""span_longitude_delta"":0,""start_coordinate_latitude"":0,""start_coordinate_longitude"":0}",2018-11-06T15:44:38+01:00
2018-11-07T13:46:00+01:00,2018-11-07T14:02:00+01:00,,,Europe/Madrid,Walking,"{""calories"":31,""intensity"":50,""hr_average"":0,""hr_min"":0,""hr_max"":0,""hr_zone_0"":0,""hr_zone_1"":0,""hr_zone_2"":0,""hr_zone_3"":0,""steps"":1774,""distance"":1334,""elevation"":69,""metcumul"":69}",,2018-11-10T10:29:38+01:00
2018-11-07T16:23:00+01:00,2018-11-07T16:40:00+01:00,,,Europe/Madrid,Walking,"{""calories"":29,""intensity"":50,""hr_average"":0,""hr_min"":0,""hr_max"":0,""hr_zone_0"":0,""hr_zone_1"":0,""hr_zone_2"":0,""hr_zone_3"":0,""steps"":1745,""distance"":1230,""elevation"":68,""metcumul"":68}",,2018-11-10T10:29:38+01:00
2018-11-08T16:48:00+01:00,2018-11-08T16:57:00+01:00,,,Europe/Madrid,Walking,"{""calories"":15,""intensity"":50,""hr_average"":0,""hr_min"":0,""hr_max"":0,""hr_zone_0"":0,""hr_zone_1"":0,""hr_zone_2"":0,""hr_zone_3"":0,""steps"":826,""distance"":637,""elevation"":34,""metcumul"":34}",,2018-11-10T10:29:39+01:00
2018-11-08T18:35:00+01:00,2018-11-08T18:56:00+01:00,,,Europe/Madrid,Walking,"{""calories"":35,""intensity"":50,""hr_average"":0,""hr_min"":0,""hr_max"":0,""hr_zone_0"":0,""hr_zone_1"":0,""hr_zone_2"":0,""hr_zone_3"":0,""steps"":1973,""distance"":1511,""elevation"":81,""metcumul"":81}",,2018-11-10T10:29:39+01:00
2018-11-08T19:26:00+01:00,2018-11-08T19:46:00+01:00,,,Europe/Madrid,Walking,"{""calories"":38,""intensity"":50,""hr_average"":0,""hr_min"":0,""hr_max"":0,""hr_zone_0"":0,""hr_zone_1"":0,""hr_zone_2"":0,""hr_zone_3"":0,""steps"":2063,""distance"":1609,""elevation"":83,""metcumul"":83}",,2018-11-10T10:29:39+01:00
2018-11-09T17:20:00+01:00,2018-11-09T17:31:00+01:00,,,Europe/Madrid,Walking,"{""calories"":56,""intensity"":30,""hr_average"":0,""hr_min"":0,""hr_max"":0,""hr_zone_0"":0,""hr_zone_1"":0,""hr_zone_2"":0,""hr_zone_3"":0,""steps"":312,""distance"":223,""elevation"":19,""metcumul"":19}","{""end_coordinate_latitude"":0,""end_coordinate_longitude"":0,""region_center_latitude"":0,""region_center_longitude"":0,""span_latitude_delta"":0,""span_longitude_delta"":0,""start_coordinate_latitude"":0,""start_coordinate_longitude"":0}",2018-11-12T17:18:15+01:00
2018-11-09T18:07:00+01:00,2018-11-09T18:30:00+01:00,,,Europe/Madrid,Walking,"{""calories"":32,""intensity"":50,""hr_average"":0,""hr_min"":0,""hr_max"":0,""hr_zone_0"":0,""hr_zone_1"":0,""hr_zone_2"":0,""hr_zone_3"":0,""steps"":1918,""distance"":1363,""elevation"":79,""metcumul"":79}",,2018-11-10T10:29:40+01:00
2018-11-10T16:32:00+01:00,2018-11-10T16:43:00+01:00,,,Europe/Madrid,Walking,"{""calories"":21,""intensity"":50,""hr_average"":0,""hr_min"":0,""hr_max"":0,""hr_zone_0"":0,""hr_zone_1"":0,""hr_zone_2"":0,""hr_zone_3"":0,""steps"":1220,""distance"":926,""elevation"":48,""metcumul"":48}",,2018-11-11T12:42:09+01:00
2018-11-12T09:30:00+01:00,2018-11-12T10:15:00+01:00,,,Europe/Madrid,Swimming,"{""calories"":230,""hr_average"":0,""hr_min"":0,""hr_max"":0,""hr_zone_0"":0,""hr_zone_1"":0,""hr_zone_2"":0,""hr_zone_3"":0,""laps"":0,""mvts"":0,""pool_length"":25,""type"":9}",,2018-11-12T17:19:10+01:00
2018-11-12T10:51:00+01:00,2018-11-12T10:55:00+01:00,,,Europe/Madrid,Running,"{""calories"":21,""intensity"":50,""hr_average"":0,""hr_min"":0,""hr_max"":0,""hr_zone_0"":0,""hr_zone_1"":0,""hr_zone_2"":0,""hr_zone_3"":0,""steps"":414,""distance"":462,""elevation"":34,""metcumul"":34}",,2018-11-12T17:17:49+01:00
2018-11-12T10:56:00+01:00,2018-11-12T11:02:00+01:00,,,Europe/Madrid,Walking,"{""calories"":11,""intensity"":50,""hr_average"":0,""hr_min"":0,""hr_max"":0,""hr_zone_0"":0,""hr_zone_1"":0,""hr_zone_2"":0,""hr_zone_3"":0,""steps"":634,""distance"":498,""elevation"":25,""metcumul"":25}",,2018-11-12T17:17:49+01:00
2018-11-12T11:20:00+01:00,2018-11-12T11:24:00+01:00,,,Europe/Madrid,Walking,"{""calories"":14,""intensity"":50,""hr_average"":0,""hr_min"":0,""hr_max"":0,""hr_zone_0"":0,""hr_zone_1"":0,""hr_zone_2"":0,""hr_zone_3"":0,""steps"":492,""distance"":492,""elevation"":25,""metcumul"":25}",,2018-11-12T17:17:50+01:00
2018-11-12T13:04:00+01:00,2018-11-12T13:15:00+01:00,,,Europe/Madrid,Walking,"{""calories"":24,""intensity"":50,""hr_average"":0,""hr_min"":0,""hr_max"":0,""hr_zone_0"":0,""hr_zone_1"":0,""hr_zone_2"":0,""hr_zone_3"":0,""steps"":1069,""distance"":889,""elevation"":49,""metcumul"":49}",,2018-11-12T17:17:50+01:00
2018-11-12T15:44:00+01:00,2018-11-12T15:48:00+01:00,,,Europe/Madrid,Walking,"{""calories"":8,""intensity"":50,""hr_average"":0,""hr_min"":0,""hr_max"":0,""hr_zone_0"":0,""hr_zone_1"":0,""hr_zone_2"":0,""hr_zone_3"":0,""steps"":477,""distance"":374,""elevation"":18,""metcumul"":18}",,2018-11-12T17:17:50+01:00
2018-11-12T15:56:00+01:00,2018-11-12T16:01:00+01:00,,,Europe/Madrid,Walking,"{""calories"":8,""intensity"":50,""hr_average"":0,""hr_min"":0,""hr_max"":0,""hr_zone_0"":0,""hr_zone_1"":0,""hr_zone_2"":0,""hr_zone_3"":0,""steps"":484,""distance"":345,""elevation"":19,""metcumul"":19}",,2018-11-12T17:17:51+01:00
2018-11-12T16:07:00+01:00,2018-11-12T16:11:00+01:00,,,Europe/Madrid,Walking,"{""calories"":8,""intensity"":50,""hr_average"":0,""hr_min"":0,""hr_max"":0,""hr_zone_0"":0,""hr_zone_1"":0,""hr_zone_2"":0,""hr_zone_3"":0,""steps"":456,""distance"":340,""elevation"":17,""metcumul"":17}",,2018-11-12T17:17:51+01:00
2018-11-12T16:31:00+01:00,2018-11-12T16:50:00+01:00,,,Europe/Madrid,Walking,"{""calories"":32,""intensity"":50,""hr_average"":0,""hr_min"":0,""hr_max"":0,""hr_zone_0"":0,""hr_zone_1"":0,""hr_zone_2"":0,""hr_zone_3"":0,""steps"":1876,""distance"":1378,""elevation"":74,""metcumul"":74}",,2018-11-12T17:17:52+01:00
2018-11-16T19:45:00+01:00,2018-11-16T20:10:00+01:00,,,Europe/Madrid,Walking,"{""calories"":40,""intensity"":50,""hr_average"":0,""hr_min"":0,""hr_max"":0,""hr_zone_0"":0,""hr_zone_1"":0,""hr_zone_2"":0,""hr_zone_3"":0,""steps"":2374,""distance"":1710,""elevation"":95,""metcumul"":95}",,2018-11-19T23:30:14+01:00
2018-11-16T23:08:00+01:00,2018-11-16T23:36:00+01:00,,,Europe/Madrid,Walking,"{""calories"":37,""intensity"":50,""hr_average"":0,""hr_min"":0,""hr_max"":0,""hr_zone_0"":0,""hr_zone_1"":0,""hr_zone_2"":0,""hr_zone_3"":0,""steps"":2415,""distance"":1565,""elevation"":97,""metcumul"":97}",,2018-11-19T23:30:15+01:00
2018-11-17T11:52:00+01:00,2018-11-17T11:59:00+01:00,,,Europe/Madrid,Walking,"{""calories"":13,""intensity"":50,""hr_average"":0,""hr_min"":0,""hr_max"":0,""hr_zone_0"":0,""hr_zone_1"":0,""hr_zone_2"":0,""hr_zone_3"":0,""steps"":761,""distance"":582,""elevation"":30,""metcumul"":30}",,2018-11-19T23:30:15+01:00
2018-11-18T15:15:00+01:00,2018-11-18T15:47:00+01:00,,,Europe/Madrid,Walking,"{""calories"":38,""intensity"":50,""hr_average"":0,""hr_min"":0,""hr_max"":0,""hr_zone_0"":0,""hr_zone_1"":0,""hr_zone_2"":0,""hr_zone_3"":0,""steps"":2458,""distance"":1620,""elevation"":101,""metcumul"":101}",,2018-11-19T23:30:16+01:00
2018-11-18T19:22:00+01:00,2018-11-18T19:34:00+01:00,,,Europe/Madrid,Walking,"{""calories"":18,""intensity"":50,""hr_average"":0,""hr_min"":0,""hr_max"":0,""hr_zone_0"":0,""hr_zone_1"":0,""hr_zone_2"":0,""hr_zone_3"":0,""steps"":967,""distance"":764,""elevation"":42,""metcumul"":42}",,2018-11-19T23:30:16+01:00
2018-11-19T09:20:00+01:00,2018-11-19T09:40:00+01:00,,,Europe/Madrid,Swimming,"{""calories"":102,""hr_average"":0,""hr_min"":0,""hr_max"":0,""hr_zone_0"":0,""hr_zone_1"":0,""hr_zone_2"":0,""hr_zone_3"":0,""laps"":0,""mvts"":0,""pool_length"":25,""type"":9}",,2018-11-19T22:01:37+01:00
2018-11-19T11:14:00+01:00,2018-11-19T11:31:00+01:00,,,Europe/Madrid,Walking,"{""calories"":33,""intensity"":50,""hr_average"":0,""hr_min"":0,""hr_max"":0,""hr_zone_0"":0,""hr_zone_1"":0,""hr_zone_2"":0,""hr_zone_3"":0,""steps"":1868,""distance"":1403,""elevation"":73,""metcumul"":73}",,2018-11-19T23:30:17+01:00
2018-11-19T14:07:00+01:00,2018-11-19T14:25:00+01:00,,,Europe/Madrid,Walking,"{""calories"":33,""intensity"":50,""hr_average"":0,""hr_min"":0,""hr_max"":0,""hr_zone_0"":0,""hr_zone_1"":0,""hr_zone_2"":0,""hr_zone_3"":0,""steps"":1894,""distance"":1397,""elevation"":74,""metcumul"":74}",,2018-11-19T23:30:19+01:00
2018-11-19T16:16:00+01:00,2018-11-19T16:33:00+01:00,,,Europe/Madrid,Walking,"{""calories"":28,""intensity"":50,""hr_average"":0,""hr_min"":0,""hr_max"":0,""hr_zone_0"":0,""hr_zone_1"":0,""hr_zone_2"":0,""hr_zone_3"":0,""steps"":1676,""distance"":1208,""elevation"":66,""metcumul"":66}",,2018-11-19T23:30:21+01:00
2018-11-19T20:59:00+01:00,2018-11-19T21:17:00+01:00,,,Europe/Madrid,Walking,"{""calories"":32,""intensity"":50,""hr_average"":0,""hr_min"":0,""hr_max"":0,""hr_zone_0"":0,""hr_zone_1"":0,""hr_zone_2"":0,""hr_zone_3"":0,""steps"":1816,""distance"":1380,""elevation"":72,""metcumul"":72}",,2018-11-19T23:30:21+01:00
2018-11-21T09:20:00+01:00,2018-11-21T10:20:00+01:00,,,Europe/Madrid,Swimming,"{""calories"":307,""hr_average"":0,""hr_min"":0,""hr_max"":0,""hr_zone_0"":0,""hr_zone_1"":0,""hr_zone_2"":0,""hr_zone_3"":0,""laps"":0,""mvts"":0,""pool_length"":25,""type"":9}",,2018-11-21T11:05:57+01:00
2018-11-21T13:17:00+01:00,2018-11-21T13:24:00+01:00,,,Europe/Madrid,Running,"{""calories"":39,""intensity"":50,""hr_average"":0,""hr_min"":0,""hr_max"":0,""hr_zone_0"":0,""hr_zone_1"":0,""hr_zone_2"":0,""hr_zone_3"":0,""steps"":883,""distance"":934,""elevation"":62,""metcumul"":62}",,2018-11-25T11:29:41+01:00
2018-11-21T13:43:00+01:00,2018-11-21T13:54:00+01:00,,,Europe/Madrid,Walking,"{""calories"":21,""intensity"":50,""hr_average"":0,""hr_min"":0,""hr_max"":0,""hr_zone_0"":0,""hr_zone_1"":0,""hr_zone_2"":0,""hr_zone_3"":0,""steps"":1108,""distance"":916,""elevation"":46,""metcumul"":46}",,2018-11-25T11:29:41+01:00
2018-11-21T16:16:00+01:00,2018-11-21T16:33:00+01:00,,,Europe/Madrid,Walking,"{""calories"":33,""intensity"":50,""hr_average"":0,""hr_min"":0,""hr_max"":0,""hr_zone_0"":0,""hr_zone_1"":0,""hr_zone_2"":0,""hr_zone_3"":0,""steps"":1763,""distance"":1420,""elevation"":71,""metcumul"":71}",,2018-11-25T11:29:41+01:00
2018-11-21T18:44:00+01:00,2018-11-21T18:59:00+01:00,,,Europe/Madrid,Walking,"{""calories"":29,""intensity"":50,""hr_average"":0,""hr_min"":0,""hr_max"":0,""hr_zone_0"":0,""hr_zone_1"":0,""hr_zone_2"":0,""hr_zone_3"":0,""steps"":1600,""distance"":1259,""elevation"":64,""metcumul"":64}",,2018-11-25T11:29:41+01:00
2018-11-21T20:32:00+01:00,2018-11-21T20:41:00+01:00,,,Europe/Madrid,Walking,"{""calories"":16,""intensity"":50,""hr_average"":0,""hr_min"":0,""hr_max"":0,""hr_zone_0"":0,""hr_zone_1"":0,""hr_zone_2"":0,""hr_zone_3"":0,""steps"":869,""distance"":687,""elevation"":35,""metcumul"":35}",,2018-11-25T11:29:41+01:00
2018-11-21T20:42:00+01:00,2018-11-21T20:47:00+01:00,,,Europe/Madrid,Running,"{""calories"":30,""intensity"":50,""hr_average"":0,""hr_min"":0,""hr_max"":0,""hr_zone_0"":0,""hr_zone_1"":0,""hr_zone_2"":0,""hr_zone_3"":0,""steps"":606,""distance"":679,""elevation"":47,""metcumul"":47}",,2018-11-25T11:29:42+01:00
2018-11-22T12:49:00+01:00,2018-11-22T12:53:00+01:00,,,Europe/Madrid,Walking,"{""calories"":8,""intensity"":50,""hr_average"":0,""hr_min"":0,""hr_max"":0,""hr_zone_0"":0,""hr_zone_1"":0,""hr_zone_2"":0,""hr_zone_3"":0,""steps"":459,""distance"":354,""elevation"":17,""metcumul"":17}",,2018-11-25T11:29:42+01:00
2018-11-22T18:40:00+01:00,2018-11-22T19:00:00+01:00,,,Europe/Madrid,Walking,"{""calories"":31,""intensity"":50,""hr_average"":0,""hr_min"":0,""hr_max"":0,""hr_zone_0"":0,""hr_zone_1"":0,""hr_zone_2"":0,""hr_zone_3"":0,""steps"":1694,""distance"":1339,""elevation"":72,""metcumul"":72}",,2018-11-25T11:29:42+01:00
2018-11-22T19:16:00+01:00,2018-11-22T19:21:00+01:00,,,Europe/Madrid,Walking,"{""calories"":10,""intensity"":50,""hr_average"":0,""hr_min"":0,""hr_max"":0,""hr_zone_0"":0,""hr_zone_1"":0,""hr_zone_2"":0,""hr_zone_3"":0,""steps"":568,""distance"":431,""elevation"":22,""metcumul"":22}",,2018-11-25T11:29:43+01:00
2018-11-22T19:29:00+01:00,2018-11-22T19:42:00+01:00,,,Europe/Madrid,Walking,"{""calories"":26,""intensity"":50,""hr_average"":0,""hr_min"":0,""hr_max"":0,""hr_zone_0"":0,""hr_zone_1"":0,""hr_zone_2"":0,""hr_zone_3"":0,""steps"":1449,""distance"":1103,""elevation"":57,""metcumul"":57}",,2018-11-25T11:29:43+01:00
2018-11-24T19:17:00+01:00,2018-11-24T19:26:00+01:00,,,Europe/Madrid,Walking,"{""calories"":16,""intensity"":50,""hr_average"":0,""hr_min"":0,""hr_max"":0,""hr_zone_0"":0,""hr_zone_1"":0,""hr_zone_2"":0,""hr_zone_3"":0,""steps"":880,""distance"":674,""elevation"":35,""metcumul"":35}",,2018-11-25T11:29:43+01:00
2018-11-26T09:30:00+01:00,2018-11-26T10:30:00+01:00,,,Europe/Madrid,Swimming,"{""calories"":310,""hr_average"":0,""hr_min"":0,""hr_max"":0,""hr_zone_0"":0,""hr_zone_1"":0,""hr_zone_2"":0,""hr_zone_3"":0,""laps"":0,""mvts"":0,""pool_length"":25,""type"":9}",,2018-11-26T22:55:51+01:00
2018-11-26T11:21:00+01:00,2018-11-26T11:42:00+01:00,,,Europe/Madrid,Walking,"{""calories"":38,""intensity"":50,""hr_average"":0,""hr_min"":0,""hr_max"":0,""hr_zone_0"":0,""hr_zone_1"":0,""hr_zone_2"":0,""hr_zone_3"":0,""steps"":2166,""distance"":1634,""elevation"":86,""metcumul"":86}",,2018-11-28T10:30:29+01:00
2018-11-26T14:08:00+01:00,2018-11-26T14:27:00+01:00,,,Europe/Madrid,Walking,"{""calories"":33,""intensity"":50,""hr_average"":0,""hr_min"":0,""hr_max"":0,""hr_zone_0"":0,""hr_zone_1"":0,""hr_zone_2"":0,""hr_zone_3"":0,""steps"":1947,""distance"":1407,""elevation"":76,""metcumul"":76}",,2018-11-28T10:30:29+01:00
2018-11-26T17:54:00+01:00,2018-11-26T18:10:00+01:00,,,Europe/Madrid,Walking,"{""calories"":29,""intensity"":50,""hr_average"":0,""hr_min"":0,""hr_max"":0,""hr_zone_0"":0,""hr_zone_1"":0,""hr_zone_2"":0,""hr_zone_3"":0,""steps"":1669,""distance"":1240,""elevation"":66,""metcumul"":66}",,2018-11-26T23:49:11+01:00
2018-11-26T21:04:00+01:00,2018-11-26T21:22:00+01:00,,,Europe/Madrid,Walking,"{""calories"":33,""intensity"":50,""hr_average"":0,""hr_min"":0,""hr_max"":0,""hr_zone_0"":0,""hr_zone_1"":0,""hr_zone_2"":0,""hr_zone_3"":0,""steps"":1783,""distance"":1407,""elevation"":73,""metcumul"":73}",,2018-11-26T23:49:11+01:00
2018-11-27T08:15:00+01:00,2018-11-27T09:15:00+01:00,,,Europe/Madrid,Pilates,"{""calories"":310,""intensity"":30,""hr_average"":0,""hr_min"":0,""hr_max"":0,""hr_zone_0"":0,""hr_zone_1"":0,""hr_zone_2"":0,""hr_zone_3"":0,""steps"":0,""distance"":0,""elevation"":0,""metcumul"":0}",,2018-11-27T08:15:34+01:00
2018-11-28T09:15:00+01:00,2018-11-28T10:15:00+01:00,,,Europe/Madrid,Swimming,"{""calories"":312,""hr_average"":0,""hr_min"":0,""hr_max"":0,""hr_zone_0"":0,""hr_zone_1"":0,""hr_zone_2"":0,""hr_zone_3"":0,""laps"":0,""mvts"":0,""pool_length"":25,""type"":9}",,2018-11-28T10:30:56+01:00
2018-11-28T13:41:00+01:00,2018-11-28T13:48:00+01:00,,,Europe/Madrid,Walking,"{""calories"":20,""intensity"":50,""hr_average"":0,""hr_min"":0,""hr_max"":0,""hr_zone_0"":0,""hr_zone_1"":0,""hr_zone_2"":0,""hr_zone_3"":0,""steps"":855,""distance"":737,""elevation"":39,""metcumul"":39}",,2018-11-29T08:55:55+01:00
2018-11-28T13:49:00+01:00,2018-11-28T13:53:00+01:00,,,Europe/Madrid,Running,"{""calories"":22,""intensity"":50,""hr_average"":0,""hr_min"":0,""hr_max"":0,""hr_zone_0"":0,""hr_zone_1"":0,""hr_zone_2"":0,""hr_zone_3"":0,""steps"":480,""distance"":522,""elevation"":35,""metcumul"":35}",,2018-11-29T08:55:55+01:00
2018-11-28T16:14:00+01:00,2018-11-28T16:34:00+01:00,,,Europe/Madrid,Walking,"{""calories"":35,""intensity"":50,""hr_average"":0,""hr_min"":0,""hr_max"":0,""hr_zone_0"":0,""hr_zone_1"":0,""hr_zone_2"":0,""hr_zone_3"":0,""steps"":1993,""distance"":1475,""elevation"":79,""metcumul"":79}",,2018-11-29T08:55:55+01:00
2018-11-28T18:55:00+01:00,2018-11-28T19:11:00+01:00,,,Europe/Madrid,Walking,"{""calories"":30,""intensity"":50,""hr_average"":0,""hr_min"":0,""hr_max"":0,""hr_zone_0"":0,""hr_zone_1"":0,""hr_zone_2"":0,""hr_zone_3"":0,""steps"":1596,""distance"":1256,""elevation"":65,""metcumul"":65}",,2018-11-29T08:55:55+01:00
2018-11-28T21:08:00+01:00,2018-11-28T21:27:00+01:00,,,Europe/Madrid,Walking,"{""calories"":33,""intensity"":50,""hr_average"":0,""hr_min"":0,""hr_max"":0,""hr_zone_0"":0,""hr_zone_1"":0,""hr_zone_2"":0,""hr_zone_3"":0,""steps"":1802,""distance"":1393,""elevation"":74,""metcumul"":74}",,2018-11-29T08:55:55+01:00
2018-12-03T10:52:00+01:00,2018-12-03T11:11:00+01:00,,,Europe/Madrid,Walking,"{""calories"":41,""intensity"":50,""hr_average"":0,""hr_min"":0,""hr_max"":0,""hr_zone_0"":0,""hr_zone_1"":0,""hr_zone_2"":0,""hr_zone_3"":0,""steps"":2170,""distance"":1755,""elevation"":87,""metcumul"":87}",,2018-12-06T07:39:01+01:00
2018-12-03T14:01:00+01:00,2018-12-03T14:23:00+01:00,,,Europe/Madrid,Walking,"{""calories"":40,""intensity"":50,""hr_average"":0,""hr_min"":0,""hr_max"":0,""hr_zone_0"":0,""hr_zone_1"":0,""hr_zone_2"":0,""hr_zone_3"":0,""steps"":2249,""distance"":1706,""elevation"":90,""metcumul"":90}",,2018-12-06T07:39:01+01:00
2018-12-03T18:24:00+01:00,2018-12-03T18:43:00+01:00,,,Europe/Madrid,Walking,"{""calories"":31,""intensity"":50,""hr_average"":0,""hr_min"":0,""hr_max"":0,""hr_zone_0"":0,""hr_zone_1"":0,""hr_zone_2"":0,""hr_zone_3"":0,""steps"":1723,""distance"":1315,""elevation"":71,""metcumul"":71}",,2018-12-06T07:39:01+01:00
2018-12-03T21:06:00+01:00,2018-12-03T21:20:00+01:00,,,Europe/Madrid,Walking,"{""calories"":30,""intensity"":50,""hr_average"":0,""hr_min"":0,""hr_max"":0,""hr_zone_0"":0,""hr_zone_1"":0,""hr_zone_2"":0,""hr_zone_3"":0,""steps"":1596,""distance"":1255,""elevation"":63,""metcumul"":63}",,2018-12-06T07:39:01+01:00
2018-12-04T18:45:00+01:00,2018-12-04T18:58:00+01:00,,,Europe/Madrid,Walking,"{""calories"":24,""intensity"":50,""hr_average"":0,""hr_min"":0,""hr_max"":0,""hr_zone_0"":0,""hr_zone_1"":0,""hr_zone_2"":0,""hr_zone_3"":0,""steps"":1255,""distance"":1018,""elevation"":52,""metcumul"":52}",,2018-12-06T07:39:02+01:00
2018-12-04T22:42:00+01:00,2018-12-04T22:52:00+01:00,,,Europe/Madrid,Walking,"{""calories"":18,""intensity"":50,""hr_average"":0,""hr_min"":0,""hr_max"":0,""hr_zone_0"":0,""hr_zone_1"":0,""hr_zone_2"":0,""hr_zone_3"":0,""steps"":1004,""distance"":777,""elevation"":40,""metcumul"":40}",,2018-12-06T07:39:02+01:00
2018-12-04T23:03:00+01:00,2018-12-04T23:18:00+01:00,,,Europe/Madrid,Walking,"{""calories"":19,""intensity"":50,""hr_average"":0,""hr_min"":0,""hr_max"":0,""hr_zone_0"":0,""hr_zone_1"":0,""hr_zone_2"":0,""hr_zone_3"":0,""steps"":1055,""distance"":805,""elevation"":46,""metcumul"":46}",,2018-12-06T07:39:03+01:00
2018-12-05T13:29:00+01:00,2018-12-05T13:45:00+01:00,,,Europe/Madrid,Walking,"{""calories"":25,""intensity"":50,""hr_average"":0,""hr_min"":0,""hr_max"":0,""hr_zone_0"":0,""hr_zone_1"":0,""hr_zone_2"":0,""hr_zone_3"":0,""steps"":1341,""distance"":1054,""elevation"":56,""metcumul"":56}",,2018-12-06T07:39:04+01:00
2018-12-05T16:08:00+01:00,2018-12-05T16:26:00+01:00,,,Europe/Madrid,Walking,"{""calories"":26,""intensity"":50,""hr_average"":0,""hr_min"":0,""hr_max"":0,""hr_zone_0"":0,""hr_zone_1"":0,""hr_zone_2"":0,""hr_zone_3"":0,""steps"":1515,""distance"":1103,""elevation"":63,""metcumul"":63}",,2018-12-06T07:39:04+01:00
2018-12-05T18:51:00+01:00,2018-12-05T18:58:00+01:00,,,Europe/Madrid,Walking,"{""calories"":11,""intensity"":50,""hr_average"":0,""hr_min"":0,""hr_max"":0,""hr_zone_0"":0,""hr_zone_1"":0,""hr_zone_2"":0,""hr_zone_3"":0,""steps"":611,""distance"":473,""elevation"":25,""metcumul"":25}",,2018-12-06T07:39:05+01:00
2018-12-05T20:56:00+01:00,2018-12-05T21:16:00+01:00,,,Europe/Madrid,Walking,"{""calories"":33,""intensity"":50,""hr_average"":0,""hr_min"":0,""hr_max"":0,""hr_zone_0"":0,""hr_zone_1"":0,""hr_zone_2"":0,""hr_zone_3"":0,""steps"":1822,""distance"":1388,""elevation"":75,""metcumul"":75}",,2018-12-06T07:39:05+01:00
2018-12-06T17:24:00+01:00,2018-12-06T17:49:00+01:00,,,Europe/Madrid,Walking,"{""calories"":44,""intensity"":50,""hr_average"":0,""hr_min"":0,""hr_max"":0,""hr_zone_0"":0,""hr_zone_1"":0,""hr_zone_2"":0,""hr_zone_3"":0,""steps"":2477,""distance"":1875,""elevation"":100,""metcumul"":100}",,2018-12-08T14:37:08+01:00
2018-12-06T20:10:00+01:00,2018-12-06T20:25:00+01:00,,,Europe/Madrid,Walking,"{""calories"":33,""intensity"":50,""hr_average"":0,""hr_min"":0,""hr_max"":0,""hr_zone_0"":0,""hr_zone_1"":0,""hr_zone_2"":0,""hr_zone_3"":0,""steps"":1763,""distance"":1390,""elevation"":69,""metcumul"":69}",,2018-12-08T14:37:08+01:00
2018-12-07T08:42:00+01:00,2018-12-07T08:50:00+01:00,,,Europe/Madrid,Running,"{""calories"":32,""intensity"":50,""hr_average"":0,""hr_min"":0,""hr_max"":0,""hr_zone_0"":0,""hr_zone_1"":0,""hr_zone_2"":0,""hr_zone_3"":0,""steps"":847,""distance"":915,""elevation"":53,""metcumul"":53}",,2018-12-08T14:37:08+01:00
2019-02-17T19:03:00+01:00,2019-02-17T20:02:00+01:00,,,Europe/Madrid,Other,"{""calories"":448,""intensity"":50,""hr_average"":0,""hr_min"":0,""hr_max"":0,""hr_zone_0"":0,""hr_zone_1"":0,""hr_zone_2"":0,""hr_zone_3"":0,""steps"":2171,""distance"":1524,""elevation"":116,""metcumul"":116}",,2019-02-18T15:51:49+01:00
2019-02-18T18:37:00+01:00,2019-02-18T18:54:00+01:00,,,Europe/Madrid,Walking,"{""calories"":29,""intensity"":50,""hr_average"":0,""hr_min"":0,""hr_max"":0,""hr_zone_0"":0,""hr_zone_1"":0,""hr_zone_2"":0,""hr_zone_3"":0,""steps"":1669,""distance"":1241,""elevation"":67,""metcumul"":67}",,2019-02-21T19:43:21+01:00
2019-02-18T20:59:00+01:00,2019-02-18T21:18:00+01:00,,,Europe/Madrid,Walking,"{""calories"":28,""intensity"":50,""hr_average"":0,""hr_min"":0,""hr_max"":0,""hr_zone_0"":0,""hr_zone_1"":0,""hr_zone_2"":0,""hr_zone_3"":0,""steps"":1655,""distance"":1211,""elevation"":68,""metcumul"":68}",,2019-02-21T19:43:22+01:00
2019-02-19T14:13:00+01:00,2019-02-19T14:29:00+01:00,,,Europe/Rome,Walking,"{""calories"":27,""intensity"":50,""hr_average"":0,""hr_min"":0,""hr_max"":0,""hr_zone_0"":0,""hr_zone_1"":0,""hr_zone_2"":0,""hr_zone_3"":0,""steps"":1497,""distance"":1151,""elevation"":61,""metcumul"":61}",,2019-02-21T19:43:23+01:00
2019-02-21T09:30:00+01:00,2019-02-21T12:30:00+01:00,,,Europe/Rome,Ski,"{""calories"":936,""intensity"":30,""hr_average"":0,""hr_min"":0,""hr_max"":0,""hr_zone_0"":0,""hr_zone_1"":0,""hr_zone_2"":0,""hr_zone_3"":0,""steps"":0,""distance"":0,""elevation"":0,""metcumul"":0}",,2019-02-21T19:45:57+01:00
2019-02-21T22:33:00+01:00,2019-02-21T22:45:00+01:00,,,Europe/Rome,Other,"{""calories"":91,""intensity"":50,""hr_average"":0,""hr_min"":0,""hr_max"":0,""hr_zone_0"":0,""hr_zone_1"":0,""hr_zone_2"":0,""hr_zone_3"":0,""steps"":668,""distance"":550,""elevation"":33,""metcumul"":33}",,2019-02-22T20:33:40+01:00
2019-02-22T09:00:00+01:00,2019-02-22T12:20:00+01:00,,,Europe/Rome,Ski,"{""calories"":864,""intensity"":30,""hr_average"":0,""hr_min"":0,""hr_max"":0,""hr_zone_0"":0,""hr_zone_1"":0,""hr_zone_2"":0,""hr_zone_3"":0,""steps"":1832,""distance"":1240,""elevation"":119,""metcumul"":119}",,2019-02-22T20:36:08+01:00
2019-02-23T09:00:00+01:00,2019-02-23T13:20:00+01:00,,,Europe/Rome,Ski,"{""calories"":1353,""intensity"":30,""hr_average"":0,""hr_min"":0,""hr_max"":0,""hr_zone_0"":0,""hr_zone_1"":0,""hr_zone_2"":0,""hr_zone_3"":0,""steps"":0,""distance"":0,""elevation"":0,""metcumul"":0}",,2019-02-23T16:11:55+01:00
2019-02-24T08:00:00+01:00,2019-02-24T08:10:00+01:00,,,Europe/Madrid,Ski,"{""calories"":52,""intensity"":30,""hr_average"":0,""hr_min"":0,""hr_max"":0,""hr_zone_0"":0,""hr_zone_1"":0,""hr_zone_2"":0,""hr_zone_3"":0,""steps"":0,""distance"":0,""elevation"":0,""metcumul"":0}",,2019-02-24T20:26:32+01:00
2019-02-24T14:37:00+01:00,2019-02-24T14:51:00+01:00,,,Europe/Madrid,Walking,"{""calories"":25,""intensity"":50,""hr_average"":0,""hr_min"":0,""hr_max"":0,""hr_zone_0"":0,""hr_zone_1"":0,""hr_zone_2"":0,""hr_zone_3"":0,""steps"":1486,""distance"":1087,""elevation"":58,""metcumul"":58}",,2019-02-24T20:25:41+01:00
2019-02-25T18:58:00+01:00,2019-02-25T19:10:00+01:00,,,Europe/Madrid,Walking,"{""calories"":23,""intensity"":50,""hr_average"":0,""hr_min"":0,""hr_max"":0,""hr_zone_0"":0,""hr_zone_1"":0,""hr_zone_2"":0,""hr_zone_3"":0,""steps"":1245,""distance"":969,""elevation"":50,""metcumul"":50}",,2019-03-01T08:17:48+01:00
2019-02-25T21:05:00+01:00,2019-02-25T21:18:00+01:00,,,Europe/Madrid,Walking,"{""calories"":25,""intensity"":50,""hr_average"":0,""hr_min"":0,""hr_max"":0,""hr_zone_0"":0,""hr_zone_1"":0,""hr_zone_2"":0,""hr_zone_3"":0,""steps"":1432,""distance"":1074,""elevation"":56,""metcumul"":56}",,2019-03-01T08:17:48+01:00
2019-02-26T09:21:00+01:00,2019-02-26T09:25:00+01:00,,,Europe/Madrid,Running,"{""calories"":29,""intensity"":50,""hr_average"":0,""hr_min"":0,""hr_max"":0,""hr_zone_0"":0,""hr_zone_1"":0,""hr_zone_2"":0,""hr_zone_3"":0,""steps"":563,""distance"":668,""elevation"":44,""metcumul"":44}",,2019-03-01T08:17:49+01:00
2019-02-27T17:54:00+01:00,2019-02-27T18:10:00+01:00,,,Europe/Madrid,Walking,"{""calories"":26,""intensity"":50,""hr_average"":0,""hr_min"":0,""hr_max"":0,""hr_zone_0"":0,""hr_zone_1"":0,""hr_zone_2"":0,""hr_zone_3"":0,""steps"":1405,""distance"":1100,""elevation"":59,""metcumul"":59}",,2019-03-01T08:17:49+01:00
2019-02-27T21:06:00+01:00,2019-02-27T21:27:00+01:00,,,Europe/Madrid,Walking,"{""calories"":34,""intensity"":50,""hr_average"":0,""hr_min"":0,""hr_max"":0,""hr_zone_0"":0,""hr_zone_1"":0,""hr_zone_2"":0,""hr_zone_3"":0,""steps"":1895,""distance"":1433,""elevation"":78,""metcumul"":78}",,2019-03-01T08:17:49+01:00
2019-02-28T16:01:00+01:00,2019-02-28T16:11:00+01:00,,,Europe/Madrid,Walking,"{""calories"":15,""intensity"":50,""hr_average"":0,""hr_min"":0,""hr_max"":0,""hr_zone_0"":0,""hr_zone_1"":0,""hr_zone_2"":0,""hr_zone_3"":0,""steps"":855,""distance"":638,""elevation"":35,""metcumul"":35}",,2019-03-01T08:17:49+01:00
2019-02-28T18:08:00+01:00,2019-02-28T18:22:00+01:00,,,Europe/Madrid,Walking,"{""calories"":25,""intensity"":50,""hr_average"":0,""hr_min"":0,""hr_max"":0,""hr_zone_0"":0,""hr_zone_1"":0,""hr_zone_2"":0,""hr_zone_3"":0,""steps"":1354,""distance"":1055,""elevation"":55,""metcumul"":55}",,2019-03-01T08:17:49+01:00
2019-02-28T19:16:00+01:00,2019-02-28T19:31:00+01:00,,,Europe/Madrid,Walking,"{""calories"":21,""intensity"":50,""hr_average"":0,""hr_min"":0,""hr_max"":0,""hr_zone_0"":0,""hr_zone_1"":0,""hr_zone_2"":0,""hr_zone_3"":0,""steps"":1278,""distance"":906,""elevation"":52,""metcumul"":52}",,2019-03-01T08:17:49+01:00
2019-03-01T08:19:00+01:00,2019-03-01T08:27:00+01:00,,,Europe/Madrid,Walking,"{""calories"":9,""intensity"":50,""hr_average"":0,""hr_min"":0,""hr_max"":0,""hr_zone_0"":0,""hr_zone_1"":0,""hr_zone_2"":0,""hr_zone_3"":0,""steps"":541,""distance"":405,""elevation"":24,""metcumul"":24}",,2019-03-03T08:03:43+01:00
2019-03-01T08:28:00+01:00,2019-03-01T08:33:00+01:00,,,Europe/Madrid,Running,"{""calories"":33,""intensity"":50,""hr_average"":0,""hr_min"":0,""hr_max"":0,""hr_zone_0"":0,""hr_zone_1"":0,""hr_zone_2"":0,""hr_zone_3"":0,""steps"":725,""distance"":826,""elevation"":51,""metcumul"":51}",,2019-03-03T08:03:43+01:00
2019-03-01T08:34:00+01:00,2019-03-01T08:38:00+01:00,,,Europe/Madrid,Walking,"{""calories"":7,""intensity"":50,""hr_average"":0,""hr_min"":0,""hr_max"":0,""hr_zone_0"":0,""hr_zone_1"":0,""hr_zone_2"":0,""hr_zone_3"":0,""steps"":394,""distance"":308,""elevation"":16,""metcumul"":16}",,2019-03-03T08:03:43+01:00
2019-03-01T12:59:00+01:00,2019-03-01T13:09:00+01:00,,,Europe/Madrid,Walking,"{""calories"":17,""intensity"":50,""hr_average"":0,""hr_min"":0,""hr_max"":0,""hr_zone_0"":0,""hr_zone_1"":0,""hr_zone_2"":0,""hr_zone_3"":0,""steps"":978,""distance"":722,""elevation"":39,""metcumul"":39}",,2019-03-03T08:03:43+01:00
2019-03-01T14:47:00+01:00,2019-03-01T15:00:00+01:00,,,Europe/Madrid,Walking,"{""calories"":19,""intensity"":50,""hr_average"":0,""hr_min"":0,""hr_max"":0,""hr_zone_0"":0,""hr_zone_1"":0,""hr_zone_2"":0,""hr_zone_3"":0,""steps"":1089,""distance"":804,""elevation"":44,""metcumul"":44}",,2019-03-03T08:03:44+01:00
2019-03-01T20:01:00+01:00,2019-03-01T20:55:00+01:00,,,Europe/Madrid,Walking,"{""calories"":67,""intensity"":50,""hr_average"":0,""hr_min"":0,""hr_max"":0,""hr_zone_0"":0,""hr_zone_1"":0,""hr_zone_2"":0,""hr_zone_3"":0,""steps"":4216,""distance"":2823,""elevation"":175,""metcumul"":175}",,2019-03-03T08:03:44+01:00
2019-03-02T09:15:00+01:00,2019-03-02T10:15:00+01:00,,,Europe/Madrid,Pilates,"{""calories"":100,""intensity"":17,""hr_average"":0,""hr_min"":0,""hr_max"":0,""hr_zone_0"":0,""hr_zone_1"":0,""hr_zone_2"":0,""hr_zone_3"":0,""steps"":0,""distance"":0,""elevation"":0,""metcumul"":0}",,2019-03-03T08:08:07+01:00
2019-03-02T10:24:00+01:00,2019-03-02T10:30:00+01:00,,,Europe/Madrid,Walking,"{""calories"":13,""intensity"":50,""hr_average"":0,""hr_min"":0,""hr_max"":0,""hr_zone_0"":0,""hr_zone_1"":0,""hr_zone_2"":0,""hr_zone_3"":0,""steps"":675,""distance"":574,""elevation"":27,""metcumul"":27}",,2019-03-03T08:03:44+01:00
2019-03-02T12:14:00+01:00,2019-03-02T12:37:00+01:00,,,Europe/Madrid,Walking,"{""calories"":34,""intensity"":50,""hr_average"":0,""hr_min"":0,""hr_max"":0,""hr_zone_0"":0,""hr_zone_1"":0,""hr_zone_2"":0,""hr_zone_3"":0,""steps"":2040,""distance"":1433,""elevation"":82,""metcumul"":82}",,2019-05-23T09:47:47+02:00
2019-03-02T12:54:00+01:00,2019-03-02T13:15:00+01:00,,,Europe/Madrid,Walking,"{""calories"":39,""intensity"":50,""hr_average"":0,""hr_min"":0,""hr_max"":0,""hr_zone_0"":0,""hr_zone_1"":0,""hr_zone_2"":0,""hr_zone_3"":0,""steps"":2113,""distance"":1673,""elevation"":86,""metcumul"":86}",,2019-03-03T08:03:45+01:00
2019-03-02T18:44:00+01:00,2019-03-02T18:54:00+01:00,,,Europe/Madrid,Walking,"{""calories"":19,""intensity"":50,""hr_average"":0,""hr_min"":0,""hr_max"":0,""hr_zone_0"":0,""hr_zone_1"":0,""hr_zone_2"":0,""hr_zone_3"":0,""steps"":1022,""distance"":805,""elevation"":41,""metcumul"":41}",,2019-03-03T08:03:45+01:00
2019-03-04T13:50:00+01:00,2019-03-04T14:02:00+01:00,,,Europe/Madrid,Walking,"{""calories"":24,""intensity"":50,""hr_average"":0,""hr_min"":0,""hr_max"":0,""hr_zone_0"":0,""hr_zone_1"":0,""hr_zone_2"":0,""hr_zone_3"":0,""steps"":1297,""distance"":1038,""elevation"":52,""metcumul"":52}",,2019-03-06T07:43:00+01:00
2019-03-04T14:32:00+01:00,2019-03-04T14:45:00+01:00,,,Europe/Madrid,Walking,"{""calories"":20,""intensity"":50,""hr_average"":0,""hr_min"":0,""hr_max"":0,""hr_zone_0"":0,""hr_zone_1"":0,""hr_zone_2"":0,""hr_zone_3"":0,""steps"":1195,""distance"":849,""elevation"":48,""metcumul"":48}",,2019-03-06T07:43:00+01:00
2019-03-06T18:14:00+01:00,2019-03-06T18:26:00+01:00,,,Europe/Madrid,Walking,"{""calories"":26,""intensity"":50,""hr_average"":0,""hr_min"":0,""hr_max"":0,""hr_zone_0"":0,""hr_zone_1"":0,""hr_zone_2"":0,""hr_zone_3"":0,""steps"":1192,""distance"":977,""elevation"":54,""metcumul"":54}",,2019-03-09T23:26:52+01:00
2019-03-06T21:11:00+01:00,2019-03-06T21:25:00+01:00,,,Europe/Madrid,Walking,"{""calories"":27,""intensity"":50,""hr_average"":0,""hr_min"":0,""hr_max"":0,""hr_zone_0"":0,""hr_zone_1"":0,""hr_zone_2"":0,""hr_zone_3"":0,""steps"":1512,""distance"":1140,""elevation"":59,""metcumul"":59}",,2019-03-09T23:26:53+01:00
2019-03-08T19:14:00+01:00,2019-03-08T19:32:00+01:00,,,Europe/Madrid,Walking,"{""calories"":23,""intensity"":50,""hr_average"":0,""hr_min"":0,""hr_max"":0,""hr_zone_0"":0,""hr_zone_1"":0,""hr_zone_2"":0,""hr_zone_3"":0,""steps"":1414,""distance"":997,""elevation"":59,""metcumul"":59}",,2019-03-09T23:26:53+01:00
2019-03-08T20:22:00+01:00,2019-03-08T20:38:00+01:00,,,Europe/Madrid,Walking,"{""calories"":23,""intensity"":50,""hr_average"":0,""hr_min"":0,""hr_max"":0,""hr_zone_0"":0,""hr_zone_1"":0,""hr_zone_2"":0,""hr_zone_3"":0,""steps"":1339,""distance"":974,""elevation"":55,""metcumul"":55}",,2019-03-09T23:26:53+01:00
2019-03-09T14:30:00+01:00,2019-03-09T17:50:00+01:00,,,Europe/Madrid,Hiking,"{""calories"":713,""intensity"":21,""hr_average"":0,""hr_min"":0,""hr_max"":0,""hr_zone_0"":0,""hr_zone_1"":0,""hr_zone_2"":0,""hr_zone_3"":0,""steps"":5214,""distance"":3562,""elevation"":283,""metcumul"":283}",,2019-03-10T00:00:03+01:00
2019-03-11T21:04:00+01:00,2019-03-11T21:22:00+01:00,,,Europe/Madrid,Walking,"{""calories"":51,""intensity"":30,""hr_average"":0,""hr_min"":0,""hr_max"":0,""hr_zone_0"":0,""hr_zone_1"":0,""hr_zone_2"":0,""hr_zone_3"":0,""steps"":1920,""distance"":1422,""elevation"":75,""metcumul"":75}",,2019-03-14T14:49:45+01:00
2019-03-12T14:09:00+01:00,2019-03-12T14:14:00+01:00,,,Europe/Madrid,Walking,"{""calories"":14,""intensity"":30,""hr_average"":0,""hr_min"":0,""hr_max"":0,""hr_zone_0"":0,""hr_zone_1"":0,""hr_zone_2"":0,""hr_zone_3"":0,""steps"":532,""distance"":435,""elevation"":21,""metcumul"":21}",,2019-03-14T14:49:46+01:00
2019-03-13T14:45:00+01:00,2019-03-13T14:51:00+01:00,,,Europe/Madrid,Walking,"{""calories"":17,""intensity"":30,""hr_average"":0,""hr_min"":0,""hr_max"":0,""hr_zone_0"":0,""hr_zone_1"":0,""hr_zone_2"":0,""hr_zone_3"":0,""steps"":593,""distance"":450,""elevation"":24,""metcumul"":24}",,2019-03-14T14:49:46+01:00
2019-03-14T08:51:01+01:00,2019-03-14T08:55:00+01:00,,,Europe/Madrid,Walking,"{""calories"":11,""intensity"":30,""hr_average"":0,""hr_min"":0,""hr_max"":0,""hr_zone_0"":0,""hr_zone_1"":0,""hr_zone_2"":0,""hr_zone_3"":0,""steps"":422,""distance"":329,""elevation"":16,""metcumul"":16}",,2019-03-14T14:49:46+01:00
2019-03-14T14:44:00+01:00,2019-03-14T14:48:00+01:00,,,Europe/Madrid,Walking,"{""calories"":11,""intensity"":30,""hr_average"":0,""hr_min"":0,""hr_max"":0,""hr_zone_0"":0,""hr_zone_1"":0,""hr_zone_2"":0,""hr_zone_3"":0,""steps"":436,""distance"":319,""elevation"":17,""metcumul"":17}",,2019-03-14T14:49:46+01:00
2019-03-14T14:44:00+01:00,2019-03-14T14:49:00+01:00,,,Europe/Madrid,Walking,"{""calories"":14,""intensity"":30,""hr_average"":0,""hr_min"":0,""hr_max"":0,""hr_zone_0"":0,""hr_zone_1"":0,""hr_zone_2"":0,""hr_zone_3"":0,""steps"":534,""distance"":391,""elevation"":20,""metcumul"":20}",,2019-03-14T14:50:08+01:00
2019-03-14T14:44:00+01:00,2019-03-14T14:50:00+01:00,,,Europe/Madrid,Walking,"{""calories"":17,""intensity"":30,""hr_average"":0,""hr_min"":0,""hr_max"":0,""hr_zone_0"":0,""hr_zone_1"":0,""hr_zone_2"":0,""hr_zone_3"":0,""steps"":647,""distance"":475,""elevation"":25,""metcumul"":25}",,2019-03-19T07:55:08+01:00
2019-03-16T10:39:00+01:00,2019-03-16T10:47:00+01:00,,,Europe/Madrid,Walking,"{""calories"":23,""intensity"":30,""hr_average"":0,""hr_min"":0,""hr_max"":0,""hr_zone_0"":0,""hr_zone_1"":0,""hr_zone_2"":0,""hr_zone_3"":0,""steps"":658,""distance"":500,""elevation"":27,""metcumul"":27}",,2019-03-19T07:55:06+01:00
2019-03-17T09:06:00+01:00,2019-03-17T09:11:00+01:00,,,Europe/Madrid,Running,"{""calories"":35,""intensity"":30,""hr_average"":0,""hr_min"":0,""hr_max"":0,""hr_zone_0"":0,""hr_zone_1"":0,""hr_zone_2"":0,""hr_zone_3"":0,""steps"":610,""distance"":613,""elevation"":32,""metcumul"":32}",,2019-03-19T07:55:06+01:00
2019-03-18T18:29:00+01:00,2019-03-18T18:46:00+01:00,,,Europe/Madrid,Walking,"{""calories"":48,""intensity"":30,""hr_average"":0,""hr_min"":0,""hr_max"":0,""hr_zone_0"":0,""hr_zone_1"":0,""hr_zone_2"":0,""hr_zone_3"":0,""steps"":1614,""distance"":1184,""elevation"":65,""metcumul"":65}",,2019-03-19T08:08:06+01:00
2019-03-18T20:59:00+01:00,2019-03-18T21:09:00+01:00,,,Europe/Madrid,Walking,"{""calories"":28,""intensity"":30,""hr_average"":0,""hr_min"":0,""hr_max"":0,""hr_zone_0"":0,""hr_zone_1"":0,""hr_zone_2"":0,""hr_zone_3"":0,""steps"":650,""distance"":488,""elevation"":28,""metcumul"":28}",,2019-03-19T08:08:06+01:00
2019-03-18T21:10:00+01:00,2019-03-18T21:15:00+01:00,,,Europe/Madrid,Running,"{""calories"":35,""intensity"":30,""hr_average"":0,""hr_min"":0,""hr_max"":0,""hr_zone_0"":0,""hr_zone_1"":0,""hr_zone_2"":0,""hr_zone_3"":0,""steps"":616,""distance"":599,""elevation"":35,""metcumul"":35}",,2019-03-19T08:08:07+01:00
2019-03-19T08:15:00+01:00,2019-03-19T09:15:00+01:00,,,Europe/Amsterdam,Pilates,"{""calories"":41,""intensity"":30,""hr_average"":0,""hr_min"":0,""hr_max"":0,""hr_zone_0"":0,""hr_zone_1"":0,""hr_zone_2"":0,""hr_zone_3"":0,""steps"":0,""distance"":0,""elevation"":0,""metcumul"":0}",,2019-03-22T09:33:20+01:00
2019-03-19T09:21:00+01:00,2019-03-19T09:25:00+01:00,,,Europe/Madrid,Running,"{""calories"":30,""intensity"":30,""hr_average"":0,""hr_min"":0,""hr_max"":0,""hr_zone_0"":0,""hr_zone_1"":0,""hr_zone_2"":0,""hr_zone_3"":0,""steps"":612,""distance"":738,""elevation"":46,""metcumul"":46}",,2019-03-21T19:29:53+01:00
2019-03-19T09:26:00+01:00,2019-03-19T09:30:00+01:00,,,Europe/Madrid,Walking,"{""calories"":11,""intensity"":30,""hr_average"":0,""hr_min"":0,""hr_max"":0,""hr_zone_0"":0,""hr_zone_1"":0,""hr_zone_2"":0,""hr_zone_3"":0,""steps"":418,""distance"":338,""elevation"":17,""metcumul"":17}",,2019-03-21T19:29:53+01:00
2019-03-20T18:55:00+01:00,2019-03-20T19:09:00+01:00,,,Europe/Amsterdam,Walking,"{""calories"":40,""intensity"":30,""hr_average"":0,""hr_min"":0,""hr_max"":0,""hr_zone_0"":0,""hr_zone_1"":0,""hr_zone_2"":0,""hr_zone_3"":0,""steps"":1371,""distance"":1034,""elevation"":55,""metcumul"":55}",,2019-03-22T07:46:22+01:00
2019-03-20T21:03:00+01:00,2019-03-20T21:25:00+01:00,,,Europe/Amsterdam,Walking,"{""calories"":63,""intensity"":30,""hr_average"":0,""hr_min"":0,""hr_max"":0,""hr_zone_0"":0,""hr_zone_1"":0,""hr_zone_2"":0,""hr_zone_3"":0,""steps"":1924,""distance"":1441,""elevation"":79,""metcumul"":79}",,2019-03-22T07:46:22+01:00
2019-03-21T07:45:00+01:00,2019-03-21T08:45:00+01:00,,,Europe/Amsterdam,Pilates,"{""calories"":41,""intensity"":30,""hr_average"":0,""hr_min"":0,""hr_max"":0,""hr_zone_0"":0,""hr_zone_1"":0,""hr_zone_2"":0,""hr_zone_3"":0,""steps"":0,""distance"":0,""elevation"":0,""metcumul"":0}",,2019-03-22T07:47:54+01:00
2019-03-21T20:57:00+01:00,2019-03-21T21:08:00+01:00,,,Europe/Amsterdam,Walking,"{""calories"":31,""intensity"":30,""hr_average"":0,""hr_min"":0,""hr_max"":0,""hr_zone_0"":0,""hr_zone_1"":0,""hr_zone_2"":0,""hr_zone_3"":0,""steps"":833,""distance"":594,""elevation"":35,""metcumul"":35}",,2019-03-22T07:47:06+01:00
2019-03-22T08:22:00+01:00,2019-03-22T08:41:00+01:00,,,Europe/Amsterdam,Running,"{""calories"":135,""intensity"":30,""hr_average"":0,""hr_min"":0,""hr_max"":0,""hr_zone_0"":0,""hr_zone_1"":0,""hr_zone_2"":0,""hr_zone_3"":0,""steps"":2285,""distance"":2506,""elevation"":136,""metcumul"":136}",,2019-03-22T09:34:41+01:00
2019-03-23T09:23:00+01:00,2019-03-23T09:34:00+01:00,,,Europe/Amsterdam,Running,"{""calories"":78,""intensity"":30,""hr_average"":0,""hr_min"":0,""hr_max"":0,""hr_zone_0"":0,""hr_zone_1"":0,""hr_zone_2"":0,""hr_zone_3"":0,""steps"":1429,""distance"":1573,""elevation"":85,""metcumul"":85}",,2019-03-23T15:27:52+01:00
2019-03-23T09:35:00+01:00,2019-03-23T09:57:00+01:00,,,Europe/Amsterdam,Walking,"{""calories"":63,""intensity"":30,""hr_average"":0,""hr_min"":0,""hr_max"":0,""hr_zone_0"":0,""hr_zone_1"":0,""hr_zone_2"":0,""hr_zone_3"":0,""steps"":2159,""distance"":1733,""elevation"":89,""metcumul"":89}",,2019-03-23T15:27:52+01:00
2019-03-25T18:40:00+01:00,2019-03-25T18:48:00+01:00,,,Europe/Madrid,Walking,"{""calories"":23,""intensity"":30,""hr_average"":0,""hr_min"":0,""hr_max"":0,""hr_zone_0"":0,""hr_zone_1"":0,""hr_zone_2"":0,""hr_zone_3"":0,""steps"":861,""distance"":665,""elevation"":34,""metcumul"":34}",,2019-03-31T08:03:20+02:00
2019-03-25T21:08:00+01:00,2019-03-25T21:21:00+01:00,,,Europe/Madrid,Walking,"{""calories"":37,""intensity"":30,""hr_average"":0,""hr_min"":0,""hr_max"":0,""hr_zone_0"":0,""hr_zone_1"":0,""hr_zone_2"":0,""hr_zone_3"":0,""steps"":1439,""distance"":1130,""elevation"":57,""metcumul"":57}",,2019-03-31T08:03:29+02:00
2019-03-26T08:04:00+01:00,2019-03-26T08:07:00+01:00,,,Europe/Madrid,Running,"{""calories"":38,""intensity"":30,""hr_average"":0,""hr_min"":0,""hr_max"":0,""hr_zone_0"":0,""hr_zone_1"":0,""hr_zone_2"":0,""hr_zone_3"":0,""steps"":786,""distance"":933,""elevation"":60,""metcumul"":60}",,2019-03-31T08:03:36+02:00
2019-03-26T08:08:00+01:00,2019-03-26T08:12:00+01:00,,,Europe/Madrid,Walking,"{""calories"":12,""intensity"":30,""hr_average"":0,""hr_min"":0,""hr_max"":0,""hr_zone_0"":0,""hr_zone_1"":0,""hr_zone_2"":0,""hr_zone_3"":0,""steps"":782,""distance"":632,""elevation"":32,""metcumul"":32}",,2019-03-31T08:03:36+02:00
2019-03-26T18:28:00+01:00,2019-03-26T18:34:00+01:00,,,Europe/Madrid,Walking,"{""calories"":20,""intensity"":30,""hr_average"":0,""hr_min"":0,""hr_max"":0,""hr_zone_0"":0,""hr_zone_1"":0,""hr_zone_2"":0,""hr_zone_3"":0,""steps"":1232,""distance"":972,""elevation"":50,""metcumul"":50}",,2019-03-31T08:03:35+02:00
2019-03-26T18:40:00+01:00,2019-03-26T18:48:00+01:00,,,Europe/Madrid,Walking,"{""calories"":23,""intensity"":30,""hr_average"":0,""hr_min"":0,""hr_max"":0,""hr_zone_0"":0,""hr_zone_1"":0,""hr_zone_2"":0,""hr_zone_3"":0,""steps"":1550,""distance"":1246,""elevation"":64,""metcumul"":64}",,2019-03-31T08:03:35+02:00
2019-03-26T19:00:00+01:00,2019-03-26T20:00:00+01:00,,,Europe/Madrid,Tennis,"{""calories"":73,""intensity"":30,""hr_average"":0,""hr_min"":0,""hr_max"":0,""hr_zone_0"":0,""hr_zone_1"":0,""hr_zone_2"":0,""hr_zone_3"":0,""steps"":0,""distance"":0,""elevation"":0,""metcumul"":0}",,2019-03-31T08:12:40+02:00
2019-03-26T19:06:00+01:00,2019-03-26T20:06:00+01:00,,,Europe/Madrid,Other,"{""calories"":312,""intensity"":30,""hr_average"":0,""hr_min"":0,""hr_max"":0,""hr_zone_0"":0,""hr_zone_1"":0,""hr_zone_2"":0,""hr_zone_3"":0,""steps"":3930,""distance"":2738,""elevation"":209,""metcumul"":209}",,2019-03-31T08:03:37+02:00
2019-03-27T20:37:00+01:00,2019-03-27T21:05:00+01:00,,,Europe/Madrid,Walking,"{""calories"":80,""intensity"":30,""hr_average"":0,""hr_min"":0,""hr_max"":0,""hr_zone_0"":0,""hr_zone_1"":0,""hr_zone_2"":0,""hr_zone_3"":0,""steps"":2393,""distance"":1819,""elevation"":99,""metcumul"":99}",,2019-03-31T08:03:25+02:00
2019-03-28T17:28:00+01:00,2019-03-28T17:33:00+01:00,,,Europe/Madrid,Walking,"{""calories"":14,""intensity"":30,""hr_average"":0,""hr_min"":0,""hr_max"":0,""hr_zone_0"":0,""hr_zone_1"":0,""hr_zone_2"":0,""hr_zone_3"":0,""steps"":315,""distance"":241,""elevation"":14,""metcumul"":14}",,2019-03-31T08:03:25+02:00
2019-03-29T09:04:00+01:00,2019-03-29T09:21:00+01:00,,,Europe/Madrid,Walking,"{""calories"":48,""intensity"":30,""hr_average"":0,""hr_min"":0,""hr_max"":0,""hr_zone_0"":0,""hr_zone_1"":0,""hr_zone_2"":0,""hr_zone_3"":0,""steps"":2057,""distance"":1779,""elevation"":95,""metcumul"":95}",,2019-03-31T08:03:25+02:00
2019-03-29T20:04:00+01:00,2019-03-29T20:55:00+01:00,,,Europe/Madrid,Tennis,"{""calories"":186,""intensity"":30,""hr_average"":0,""hr_min"":0,""hr_max"":0,""hr_zone_0"":0,""hr_zone_1"":0,""hr_zone_2"":0,""hr_zone_3"":0,""steps"":1929,""distance"":1371,""elevation"":100,""metcumul"":100}",,2019-03-31T08:05:00+02:00
2019-03-30T09:15:00+01:00,2019-03-30T10:15:00+01:00,,,Europe/Madrid,Pilates,"{""calories"":41,""intensity"":30,""hr_average"":0,""hr_min"":0,""hr_max"":0,""hr_zone_0"":0,""hr_zone_1"":0,""hr_zone_2"":0,""hr_zone_3"":0,""steps"":0,""distance"":0,""elevation"":0,""metcumul"":0}",,2019-03-31T08:06:20+02:00
2019-03-30T10:25:00+01:00,2019-03-30T10:44:00+01:00,,,Europe/Madrid,Running,"{""calories"":135,""intensity"":30,""hr_average"":0,""hr_min"":0,""hr_max"":0,""hr_zone_0"":0,""hr_zone_1"":0,""hr_zone_2"":0,""hr_zone_3"":0,""steps"":2455,""distance"":2522,""elevation"":148,""metcumul"":148}",,2019-03-31T08:03:55+02:00
2019-03-30T10:25:00+01:00,2019-03-30T10:45:00+01:00,,,Europe/Madrid,Running,"{""calories"":142,""intensity"":30,""hr_average"":0,""hr_min"":0,""hr_max"":0,""hr_zone_0"":0,""hr_zone_1"":0,""hr_zone_2"":0,""hr_zone_3"":0,""steps"":0,""distance"":0,""elevation"":0,""metcumul"":0}",,2019-03-31T08:07:15+02:00
2019-03-30T18:41:00+01:00,2019-03-30T19:14:00+01:00,,,Europe/Madrid,Walking,"{""calories"":95,""intensity"":30,""hr_average"":0,""hr_min"":0,""hr_max"":0,""hr_zone_0"":0,""hr_zone_1"":0,""hr_zone_2"":0,""hr_zone_3"":0,""steps"":2886,""distance"":2116,""elevation"":118,""metcumul"":118}",,2019-03-31T08:03:55+02:00
2019-03-30T20:34:00+01:00,2019-03-30T21:00:00+01:00,,,Europe/Madrid,Walking,"{""calories"":74,""intensity"":30,""hr_average"":0,""hr_min"":0,""hr_max"":0,""hr_zone_0"":0,""hr_zone_1"":0,""hr_zone_2"":0,""hr_zone_3"":0,""steps"":2694,""distance"":2024,""elevation"":107,""metcumul"":107}",,2019-03-31T08:03:55+02:00
2019-03-31T19:00:00+02:00,2019-03-31T20:00:00+02:00,,,Europe/Madrid,Tennis,"{""calories"":171,""intensity"":30,""hr_average"":0,""hr_min"":0,""hr_max"":0,""hr_zone_0"":0,""hr_zone_1"":0,""hr_zone_2"":0,""hr_zone_3"":0,""steps"":1439,""distance"":1031,""elevation"":80,""metcumul"":80}",,2019-04-03T14:47:25+02:00
2019-03-31T21:40:00+02:00,2019-03-31T21:50:00+02:00,,,Europe/Madrid,Other,"{""calories"":52,""intensity"":30,""hr_average"":0,""hr_min"":0,""hr_max"":0,""hr_zone_0"":0,""hr_zone_1"":0,""hr_zone_2"":0,""hr_zone_3"":0,""steps"":216,""distance"":153,""elevation"":13,""metcumul"":13}",,2019-04-02T20:38:54+02:00
2019-04-01T18:44:00+02:00,2019-04-01T19:05:00+02:00,,,Europe/Madrid,Walking,"{""calories"":60,""intensity"":30,""hr_average"":0,""hr_min"":0,""hr_max"":0,""hr_zone_0"":0,""hr_zone_1"":0,""hr_zone_2"":0,""hr_zone_3"":0,""steps"":1750,""distance"":1300,""elevation"":73,""metcumul"":73}",,2019-04-02T20:38:49+02:00
2019-04-01T21:02:00+02:00,2019-04-01T21:19:00+02:00,,,Europe/Madrid,Walking,"{""calories"":48,""intensity"":30,""hr_average"":0,""hr_min"":0,""hr_max"":0,""hr_zone_0"":0,""hr_zone_1"":0,""hr_zone_2"":0,""hr_zone_3"":0,""steps"":1577,""distance"":1186,""elevation"":64,""metcumul"":64}",,2019-04-02T20:38:49+02:00
2019-04-02T08:39:00+02:00,2019-04-02T08:51:00+02:00,,,Europe/Madrid,Walking,"{""calories"":34,""intensity"":30,""hr_average"":0,""hr_min"":0,""hr_max"":0,""hr_zone_0"":0,""hr_zone_1"":0,""hr_zone_2"":0,""hr_zone_3"":0,""steps"":1147,""distance"":829,""elevation"":46,""metcumul"":46}",,2019-04-02T20:38:49+02:00
2019-04-02T14:06:00+02:00,2019-04-02T14:19:00+02:00,,,Europe/Madrid,Walking,"{""calories"":37,""intensity"":30,""hr_average"":0,""hr_min"":0,""hr_max"":0,""hr_zone_0"":0,""hr_zone_1"":0,""hr_zone_2"":0,""hr_zone_3"":0,""steps"":1438,""distance"":1106,""elevation"":57,""metcumul"":57}",,2019-04-02T20:38:50+02:00
2019-04-02T19:26:00+02:00,2019-04-02T19:36:00+02:00,,,Europe/Madrid,Walking,"{""calories"":28,""intensity"":30,""hr_average"":0,""hr_min"":0,""hr_max"":0,""hr_zone_0"":0,""hr_zone_1"":0,""hr_zone_2"":0,""hr_zone_3"":0,""steps"":1067,""distance"":888,""elevation"":44,""metcumul"":44}",,2019-04-02T20:39:04+02:00
2019-04-02T20:19:00+02:00,2019-04-02T20:41:00+02:00,,,Europe/Madrid,Walking,"{""calories"":63,""intensity"":30,""hr_average"":0,""hr_min"":0,""hr_max"":0,""hr_zone_0"":0,""hr_zone_1"":0,""hr_zone_2"":0,""hr_zone_3"":0,""steps"":1985,""distance"":1392,""elevation"":80,""metcumul"":80}",,2019-04-03T14:45:54+02:00
2019-04-03T18:14:00+02:00,2019-04-03T18:29:00+02:00,,,Europe/Madrid,Walking,"{""calories"":43,""intensity"":30,""hr_average"":0,""hr_min"":0,""hr_max"":0,""hr_zone_0"":0,""hr_zone_1"":0,""hr_zone_2"":0,""hr_zone_3"":0,""steps"":1586,""distance"":1209,""elevation"":63,""metcumul"":63}",,2019-04-04T16:25:21+02:00
2019-04-03T21:08:00+02:00,2019-04-03T21:21:00+02:00,,,Europe/Madrid,Walking,"{""calories"":37,""intensity"":30,""hr_average"":0,""hr_min"":0,""hr_max"":0,""hr_zone_0"":0,""hr_zone_1"":0,""hr_zone_2"":0,""hr_zone_3"":0,""steps"":1364,""distance"":1015,""elevation"":54,""metcumul"":54}",,2019-04-04T16:25:21+02:00
2019-04-05T08:06:00+02:00,2019-04-05T08:25:00+02:00,,,Europe/Amsterdam,Running,"{""calories"":135,""intensity"":30,""hr_average"":0,""hr_min"":0,""hr_max"":0,""hr_zone_0"":0,""hr_zone_1"":0,""hr_zone_2"":0,""hr_zone_3"":0,""steps"":2360,""distance"":2573,""elevation"":157,""metcumul"":157}",,2019-04-07T19:19:12+02:00
2019-04-05T08:26:00+02:00,2019-04-05T08:41:00+02:00,,,Europe/Amsterdam,Walking,"{""calories"":43,""intensity"":30,""hr_average"":0,""hr_min"":0,""hr_max"":0,""hr_zone_0"":0,""hr_zone_1"":0,""hr_zone_2"":0,""hr_zone_3"":0,""steps"":1414,""distance"":1183,""elevation"":60,""metcumul"":60}",,2019-04-07T19:19:12+02:00
2019-04-05T08:49:00+02:00,2019-04-05T08:56:00+02:00,,,Europe/Amsterdam,Running,"{""calories"":49,""intensity"":30,""hr_average"":0,""hr_min"":0,""hr_max"":0,""hr_zone_0"":0,""hr_zone_1"":0,""hr_zone_2"":0,""hr_zone_3"":0,""steps"":975,""distance"":1106,""elevation"":64,""metcumul"":64}",,2019-04-07T19:19:12+02:00
2019-04-06T10:54:00+02:00,2019-04-06T11:06:00+02:00,,,Europe/Amsterdam,Walking,"{""calories"":34,""intensity"":30,""hr_average"":0,""hr_min"":0,""hr_max"":0,""hr_zone_0"":0,""hr_zone_1"":0,""hr_zone_2"":0,""hr_zone_3"":0,""steps"":1134,""distance"":846,""elevation"":46,""metcumul"":46}",,2019-04-07T19:19:13+02:00
2019-04-06T20:00:00+02:00,2019-04-06T20:20:00+02:00,,,Europe/Amsterdam,Cycling,"{""calories"":99,""intensity"":30,""hr_average"":0,""hr_min"":0,""hr_max"":0,""hr_zone_0"":0,""hr_zone_1"":0,""hr_zone_2"":0,""hr_zone_3"":0,""steps"":0,""distance"":0,""elevation"":0,""metcumul"":0}",,2019-04-07T19:19:13+02:00
2019-04-06T22:58:00+02:00,2019-04-06T23:30:00+02:00,,,Europe/Amsterdam,Dancing,"{""calories"":115,""intensity"":30,""hr_average"":0,""hr_min"":0,""hr_max"":0,""hr_zone_0"":0,""hr_zone_1"":0,""hr_zone_2"":0,""hr_zone_3"":0,""steps"":1942,""distance"":1495,""elevation"":86,""metcumul"":86}",,2019-04-07T19:19:13+02:00
2019-04-07T03:00:00+02:00,2019-04-07T03:20:00+02:00,,,Europe/Amsterdam,Cycling,"{""calories"":99,""intensity"":30,""hr_average"":0,""hr_min"":0,""hr_max"":0,""hr_zone_0"":0,""hr_zone_1"":0,""hr_zone_2"":0,""hr_zone_3"":0,""steps"":0,""distance"":0,""elevation"":0,""metcumul"":0}",,2019-04-07T19:19:13+02:00
2019-04-10T18:35:00+02:00,2019-04-10T18:51:00+02:00,,,Europe/Madrid,Walking,"{""calories"":46,""intensity"":30,""hr_average"":0,""hr_min"":0,""hr_max"":0,""hr_zone_0"":0,""hr_zone_1"":0,""hr_zone_2"":0,""hr_zone_3"":0,""steps"":1542,""distance"":1222,""elevation"":63,""metcumul"":63}",,2019-04-13T11:48:34+02:00
2019-04-10T21:08:00+02:00,2019-04-10T21:27:00+02:00,,,Europe/Madrid,Walking,"{""calories"":54,""intensity"":30,""hr_average"":0,""hr_min"":0,""hr_max"":0,""hr_zone_0"":0,""hr_zone_1"":0,""hr_zone_2"":0,""hr_zone_3"":0,""steps"":1864,""distance"":1470,""elevation"":76,""metcumul"":76}",,2019-04-13T11:48:34+02:00
2019-04-11T15:02:00+02:00,2019-04-11T15:15:00+02:00,,,Europe/Madrid,Walking,"{""calories"":37,""intensity"":30,""hr_average"":0,""hr_min"":0,""hr_max"":0,""hr_zone_0"":0,""hr_zone_1"":0,""hr_zone_2"":0,""hr_zone_3"":0,""steps"":1447,""distance"":1091,""elevation"":57,""metcumul"":57}",,2019-04-13T11:48:34+02:00
2019-04-11T17:35:00+02:00,2019-04-11T18:01:00+02:00,,,Europe/Madrid,Walking,"{""calories"":74,""intensity"":30,""hr_average"":0,""hr_min"":0,""hr_max"":0,""hr_zone_0"":0,""hr_zone_1"":0,""hr_zone_2"":0,""hr_zone_3"":0,""steps"":2052,""distance"":1495,""elevation"":87,""metcumul"":87}",,2019-04-13T11:48:35+02:00
2019-04-12T12:32:00+02:00,2019-04-12T12:36:00+02:00,,,Europe/Madrid,Running,"{""calories"":28,""intensity"":30,""hr_average"":0,""hr_min"":0,""hr_max"":0,""hr_zone_0"":0,""hr_zone_1"":0,""hr_zone_2"":0,""hr_zone_3"":0,""steps"":472,""distance"":433,""elevation"":24,""metcumul"":24}",,2019-04-13T11:48:35+02:00
2019-04-13T14:20:00+02:00,2019-04-13T14:31:00+02:00,,,Europe/Madrid,Walking,"{""calories"":31,""intensity"":30,""hr_average"":0,""hr_min"":0,""hr_max"":0,""hr_zone_0"":0,""hr_zone_1"":0,""hr_zone_2"":0,""hr_zone_3"":0,""steps"":1202,""distance"":897,""elevation"":47,""metcumul"":47}",,2019-04-16T10:08:25+02:00
2019-04-13T15:38:00+02:00,2019-04-13T15:56:00+02:00,,,Europe/Madrid,Walking,"{""calories"":51,""intensity"":30,""hr_average"":0,""hr_min"":0,""hr_max"":0,""hr_zone_0"":0,""hr_zone_1"":0,""hr_zone_2"":0,""hr_zone_3"":0,""steps"":1474,""distance"":958,""elevation"":60,""metcumul"":60}",,2019-04-16T10:08:25+02:00
2019-04-13T19:40:00+02:00,2019-04-13T20:02:00+02:00,,,Europe/Madrid,Walking,"{""calories"":63,""intensity"":30,""hr_average"":0,""hr_min"":0,""hr_max"":0,""hr_zone_0"":0,""hr_zone_1"":0,""hr_zone_2"":0,""hr_zone_3"":0,""steps"":1695,""distance"":1067,""elevation"":70,""metcumul"":70}",,2019-04-16T11:48:06+02:00
2019-04-14T20:44:00+02:00,2019-04-14T20:50:00+02:00,,,Europe/Madrid,Walking,"{""calories"":17,""intensity"":30,""hr_average"":0,""hr_min"":0,""hr_max"":0,""hr_zone_0"":0,""hr_zone_1"":0,""hr_zone_2"":0,""hr_zone_3"":0,""steps"":641,""distance"":497,""elevation"":25,""metcumul"":25}",,2019-04-16T11:48:06+02:00
2019-04-18T09:34:00+02:00,2019-04-18T09:48:00+02:00,,,Europe/Amsterdam,Running,"{""calories"":99,""intensity"":30,""hr_average"":0,""hr_min"":0,""hr_max"":0,""hr_zone_0"":0,""hr_zone_1"":0,""hr_zone_2"":0,""hr_zone_3"":0,""steps"":1845,""distance"":1998,""elevation"":107,""metcumul"":107}",,2019-04-19T23:28:58+02:00
2019-04-18T09:49:00+02:00,2019-04-18T10:02:00+02:00,,,Europe/Amsterdam,Walking,"{""calories"":37,""intensity"":30,""hr_average"":0,""hr_min"":0,""hr_max"":0,""hr_zone_0"":0,""hr_zone_1"":0,""hr_zone_2"":0,""hr_zone_3"":0,""steps"":1446,""distance"":1286,""elevation"":72,""metcumul"":72}",,2019-04-19T23:28:58+02:00
2019-04-18T10:09:00+02:00,2019-04-18T10:13:00+02:00,,,Europe/Amsterdam,Running,"{""calories"":28,""intensity"":30,""hr_average"":0,""hr_min"":0,""hr_max"":0,""hr_zone_0"":0,""hr_zone_1"":0,""hr_zone_2"":0,""hr_zone_3"":0,""steps"":427,""distance"":507,""elevation"":32,""metcumul"":32}",,2019-04-19T23:28:58+02:00
2019-04-18T21:24:00+02:00,2019-04-18T21:49:00+02:00,,,Europe/Amsterdam,Walking,"{""calories"":72,""intensity"":30,""hr_average"":0,""hr_min"":0,""hr_max"":0,""hr_zone_0"":0,""hr_zone_1"":0,""hr_zone_2"":0,""hr_zone_3"":0,""steps"":2048,""distance"":1384,""elevation"":83,""metcumul"":83}",,2019-04-19T23:28:59+02:00
2019-04-19T10:16:00+02:00,2019-04-19T10:30:00+02:00,,,Europe/Amsterdam,Running,"{""calories"":99,""intensity"":30,""hr_average"":0,""hr_min"":0,""hr_max"":0,""hr_zone_0"":0,""hr_zone_1"":0,""hr_zone_2"":0,""hr_zone_3"":0,""steps"":1916,""distance"":2163,""elevation"":128,""metcumul"":128}",,2019-04-19T23:28:59+02:00
2019-04-19T10:31:00+02:00,2019-04-19T10:35:00+02:00,,,Europe/Amsterdam,Walking,"{""calories"":11,""intensity"":30,""hr_average"":0,""hr_min"":0,""hr_max"":0,""hr_zone_0"":0,""hr_zone_1"":0,""hr_zone_2"":0,""hr_zone_3"":0,""steps"":465,""distance"":375,""elevation"":18,""metcumul"":18}",,2019-04-19T23:28:59+02:00
2019-04-19T10:43:00+02:00,2019-04-19T10:50:00+02:00,,,Europe/Amsterdam,Running,"{""calories"":49,""intensity"":30,""hr_average"":0,""hr_min"":0,""hr_max"":0,""hr_zone_0"":0,""hr_zone_1"":0,""hr_zone_2"":0,""hr_zone_3"":0,""steps"":695,""distance"":702,""elevation"":37,""metcumul"":37}",,2019-04-19T23:28:59+02:00
2019-04-19T10:51:00+02:00,2019-04-19T11:00:00+02:00,,,Europe/Amsterdam,Walking,"{""calories"":25,""intensity"":30,""hr_average"":0,""hr_min"":0,""hr_max"":0,""hr_zone_0"":0,""hr_zone_1"":0,""hr_zone_2"":0,""hr_zone_3"":0,""steps"":901,""distance"":718,""elevation"":36,""metcumul"":36}",,2019-04-19T23:28:59+02:00
2019-04-19T11:01:00+02:00,2019-04-19T11:06:00+02:00,,,Europe/Amsterdam,Running,"{""calories"":35,""intensity"":30,""hr_average"":0,""hr_min"":0,""hr_max"":0,""hr_zone_0"":0,""hr_zone_1"":0,""hr_zone_2"":0,""hr_zone_3"":0,""steps"":573,""distance"":622,""elevation"":36,""metcumul"":36}",,2019-04-19T23:28:59+02:00
2019-04-19T21:30:00+02:00,2019-04-19T21:50:00+02:00,,,Europe/Amsterdam,Cycling,"{""calories"":99,""intensity"":30,""hr_average"":0,""hr_min"":0,""hr_max"":0,""hr_zone_0"":0,""hr_zone_1"":0,""hr_zone_2"":0,""hr_zone_3"":0,""steps"":0,""distance"":0,""elevation"":0,""metcumul"":0}",,2019-04-19T23:31:13+02:00
2019-04-20T09:35:00+02:00,2019-04-20T09:56:00+02:00,,,Europe/Amsterdam,Running,"{""calories"":149,""intensity"":30,""hr_average"":0,""hr_min"":0,""hr_max"":0,""hr_zone_0"":0,""hr_zone_1"":0,""hr_zone_2"":0,""hr_zone_3"":0,""steps"":2650,""distance"":2786,""elevation"":169,""metcumul"":169}",,2019-04-21T09:54:29+02:00
2019-04-20T10:04:00+02:00,2019-04-20T10:21:00+02:00,,,Europe/Amsterdam,Running,"{""calories"":121,""intensity"":30,""hr_average"":0,""hr_min"":0,""hr_max"":0,""hr_zone_0"":0,""hr_zone_1"":0,""hr_zone_2"":0,""hr_zone_3"":0,""steps"":1948,""distance"":2067,""elevation"":114,""metcumul"":114}",,2019-04-21T09:54:29+02:00
2019-04-22T19:10:00+02:00,2019-04-22T20:35:00+02:00,,,Europe/Madrid,Other,"{""calories"":438,""intensity"":30,""hr_average"":0,""hr_min"":0,""hr_max"":0,""hr_zone_0"":0,""hr_zone_1"":0,""hr_zone_2"":0,""hr_zone_3"":0,""steps"":2524,""distance"":1792,""elevation"":142,""metcumul"":142}",,2019-04-23T09:53:00+02:00
2019-04-23T08:15:00+02:00,2019-04-23T09:15:00+02:00,,,Europe/Madrid,Pilates,"{""calories"":123,""intensity"":30,""hr_average"":0,""hr_min"":0,""hr_max"":0,""hr_zone_0"":0,""hr_zone_1"":0,""hr_zone_2"":0,""hr_zone_3"":0,""steps"":138,""distance"":99,""elevation"":11,""metcumul"":11}",,2019-04-23T09:30:30+02:00
2019-04-23T09:20:00+02:00,2019-04-23T09:32:00+02:00,,,Europe/Madrid,Cycling,"{""calories"":50,""intensity"":23,""hr_average"":0,""hr_min"":0,""hr_max"":0,""hr_zone_0"":0,""hr_zone_1"":0,""hr_zone_2"":0,""hr_zone_3"":0,""steps"":0,""distance"":0,""elevation"":8,""metcumul"":8}",,2019-04-23T09:49:07+02:00
2019-04-23T09:31:19+02:00,2019-04-23T09:32:48+02:00,,,Europe/Madrid,Running,"{""calories"":10,""intensity"":30,""hr_average"":0,""hr_min"":0,""hr_max"":0,""hr_zone_0"":0,""hr_zone_1"":0,""hr_zone_2"":0,""hr_zone_3"":0,""steps"":25,""distance"":17,""elevation"":1,""metcumul"":1}","{""end_coordinate_latitude"":40.44106,""end_coordinate_longitude"":-3.708882,""region_center_latitude"":40.44106,""region_center_longitude"":-3.708882,""span_latitude_delta"":0,""span_longitude_delta"":0,""start_coordinate_latitude"":40.44106,""start_coordinate_longitude"":-3.708882,""avg_speed"":0,""distance"":0,""max_speed"":0,""min_speed"":0}",2019-04-23T09:49:07+02:00
2019-04-23T09:33:00+02:00,2019-04-23T09:48:45+02:00,,,Europe/Madrid,Running,"{""calories"":112,""intensity"":30,""hr_average"":0,""hr_min"":0,""hr_max"":0,""hr_zone_0"":0,""hr_zone_1"":0,""hr_zone_2"":0,""hr_zone_3"":0,""steps"":1608,""distance"":1588,""elevation"":94,""metcumul"":94}","{""end_coordinate_latitude"":40.441127,""end_coordinate_longitude"":-3.708904,""region_center_latitude"":40.441083,""region_center_longitude"":-3.708875,""span_latitude_delta"":8.9e-5,""span_longitude_delta"":5.7e-5,""start_coordinate_latitude"":40.441038,""start_coordinate_longitude"":-3.708846,""avg_speed"":0.013233,""distance"":11.023778,""max_speed"":0.026467,""min_speed"":0}",2019-04-23T09:50:11+02:00
2019-04-24T18:02:29+02:00,2019-04-24T18:12:49+02:00,,,Europe/Madrid,Running,"{""calories"":73,""intensity"":30,""hr_average"":0,""hr_min"":0,""hr_max"":0,""hr_zone_0"":0,""hr_zone_1"":0,""hr_zone_2"":0,""hr_zone_3"":0,""steps"":1232,""distance"":1165,""elevation"":63,""metcumul"":63}","{""end_coordinate_latitude"":40.44106,""end_coordinate_longitude"":-3.708883,""region_center_latitude"":40.44106,""region_center_longitude"":-3.708883,""span_latitude_delta"":0,""span_longitude_delta"":0,""start_coordinate_latitude"":40.44106,""start_coordinate_longitude"":-3.708883,""avg_speed"":0,""distance"":0,""max_speed"":0,""min_speed"":0}",2019-04-24T18:13:09+02:00
2019-04-25T10:52:00+02:00,2019-04-25T11:04:00+02:00,,,Europe/Madrid,Walking,"{""calories"":34,""intensity"":30,""hr_average"":0,""hr_min"":0,""hr_max"":0,""hr_zone_0"":0,""hr_zone_1"":0,""hr_zone_2"":0,""hr_zone_3"":0,""steps"":1006,""distance"":763,""elevation"":42,""metcumul"":42}",,2019-04-27T10:36:47+02:00
2019-04-25T20:37:00+02:00,2019-04-25T20:43:00+02:00,,,Europe/Madrid,Walking,"{""calories"":17,""intensity"":30,""hr_average"":0,""hr_min"":0,""hr_max"":0,""hr_zone_0"":0,""hr_zone_1"":0,""hr_zone_2"":0,""hr_zone_3"":0,""steps"":472,""distance"":315,""elevation"":19,""metcumul"":19}",,2019-04-27T10:36:47+02:00
2019-04-26T09:26:00+02:00,2019-04-26T09:38:00+02:00,,,Europe/Madrid,Running,"{""calories"":85,""intensity"":30,""hr_average"":0,""hr_min"":0,""hr_max"":0,""hr_zone_0"":0,""hr_zone_1"":0,""hr_zone_2"":0,""hr_zone_3"":0,""steps"":1327,""distance"":1371,""elevation"":72,""metcumul"":72}",,2019-04-27T10:36:47+02:00
2019-04-27T09:15:00+02:00,2019-04-27T10:15:00+02:00,,,Europe/Madrid,Pilates,"{""calories"":41,""intensity"":30,""hr_average"":0,""hr_min"":0,""hr_max"":0,""hr_zone_0"":0,""hr_zone_1"":0,""hr_zone_2"":0,""hr_zone_3"":0,""steps"":0,""distance"":0,""elevation"":0,""metcumul"":0}",,2019-04-27T10:37:24+02:00
2019-04-27T10:38:19+02:00,2019-04-27T10:51:30+02:00,,,Europe/Madrid,Running,"{""calories"":94,""intensity"":30,""hr_average"":0,""hr_min"":0,""hr_max"":0,""hr_zone_0"":0,""hr_zone_1"":0,""hr_zone_2"":0,""hr_zone_3"":0,""steps"":1602,""distance"":1599,""elevation"":92,""metcumul"":92}","{""end_coordinate_latitude"":40.44106,""end_coordinate_longitude"":-3.708884,""region_center_latitude"":40.44106,""region_center_longitude"":-3.708884,""span_latitude_delta"":0,""span_longitude_delta"":0,""start_coordinate_latitude"":40.44106,""start_coordinate_longitude"":-3.708884,""avg_speed"":0,""distance"":0,""max_speed"":0,""min_speed"":0}",2019-04-28T14:08:33+02:00
2019-04-27T17:00:00+02:00,2019-04-27T17:16:00+02:00,,,Europe/Madrid,Walking,"{""calories"":46,""intensity"":30,""hr_average"":0,""hr_min"":0,""hr_max"":0,""hr_zone_0"":0,""hr_zone_1"":0,""hr_zone_2"":0,""hr_zone_3"":0,""steps"":1229,""distance"":789,""elevation"":50,""metcumul"":50}",,2019-04-28T14:08:34+02:00
2019-04-27T18:10:00+02:00,2019-04-27T18:26:00+02:00,,,Europe/Madrid,Walking,"{""calories"":46,""intensity"":30,""hr_average"":0,""hr_min"":0,""hr_max"":0,""hr_zone_0"":0,""hr_zone_1"":0,""hr_zone_2"":0,""hr_zone_3"":0,""steps"":1500,""distance"":1026,""elevation"":59,""metcumul"":59}",,2019-04-28T14:08:34+02:00
2019-05-07T16:03:00+02:00,2019-05-07T16:11:00+02:00,,,Europe/Amsterdam,Walking,"{""calories"":23,""intensity"":30,""hr_average"":0,""hr_min"":0,""hr_max"":0,""hr_zone_0"":0,""hr_zone_1"":0,""hr_zone_2"":0,""hr_zone_3"":0,""steps"":873,""distance"":665,""elevation"":34,""metcumul"":34}",,2019-05-11T17:25:22+02:00
2019-05-07T21:16:00+02:00,2019-05-07T21:36:00+02:00,,,Europe/Amsterdam,Walking,"{""calories"":57,""intensity"":30,""hr_average"":0,""hr_min"":0,""hr_max"":0,""hr_zone_0"":0,""hr_zone_1"":0,""hr_zone_2"":0,""hr_zone_3"":0,""steps"":1851,""distance"":1373,""elevation"":75,""metcumul"":75}",,2019-05-11T17:25:22+02:00
2019-05-13T15:52:00+02:00,2019-05-13T15:56:00+02:00,,,Europe/Madrid,Walking,"{""calories"":11,""intensity"":30,""hr_average"":0,""hr_min"":0,""hr_max"":0,""hr_zone_0"":0,""hr_zone_1"":0,""hr_zone_2"":0,""hr_zone_3"":0,""steps"":259,""distance"":198,""elevation"":11,""metcumul"":11}",,2019-05-18T12:59:46+02:00
2019-05-14T09:21:00+02:00,2019-05-14T09:35:00+02:00,,,Europe/Madrid,Walking,"{""calories"":40,""intensity"":30,""hr_average"":0,""hr_min"":0,""hr_max"":0,""hr_zone_0"":0,""hr_zone_1"":0,""hr_zone_2"":0,""hr_zone_3"":0,""steps"":1480,""distance"":1115,""elevation"":58,""metcumul"":58}",,2019-05-18T12:59:46+02:00
2019-05-15T09:48:00+02:00,2019-05-15T10:01:00+02:00,,,Europe/Amsterdam,Running,"{""calories"":92,""intensity"":30,""hr_average"":0,""hr_min"":0,""hr_max"":0,""hr_zone_0"":0,""hr_zone_1"":0,""hr_zone_2"":0,""hr_zone_3"":0,""steps"":1643,""distance"":1610,""elevation"":92,""metcumul"":92}",,2019-05-18T12:59:54+02:00
2019-05-15T10:02:00+02:00,2019-05-15T10:15:00+02:00,,,Europe/Amsterdam,Walking,"{""calories"":37,""intensity"":30,""hr_average"":0,""hr_min"":0,""hr_max"":0,""hr_zone_0"":0,""hr_zone_1"":0,""hr_zone_2"":0,""hr_zone_3"":0,""steps"":1470,""distance"":1173,""elevation"":58,""metcumul"":58}",,2019-05-18T12:59:54+02:00
2019-05-17T19:21:00+02:00,2019-05-17T19:32:00+02:00,,,Europe/Madrid,Walking,"{""calories"":31,""intensity"":30,""hr_average"":0,""hr_min"":0,""hr_max"":0,""hr_zone_0"":0,""hr_zone_1"":0,""hr_zone_2"":0,""hr_zone_3"":0,""steps"":858,""distance"":615,""elevation"":36,""metcumul"":36}",,2019-05-18T12:59:46+02:00
2019-05-18T12:42:00+02:00,2019-05-18T12:47:00+02:00,,,Europe/Amsterdam,Running,"{""calories"":38,""intensity"":30,""hr_average"":0,""hr_min"":0,""hr_max"":0,""hr_zone_0"":0,""hr_zone_1"":0,""hr_zone_2"":0,""hr_zone_3"":0,""steps"":756,""distance"":909,""elevation"":60,""metcumul"":60}",,2019-05-19T09:33:48+02:00
2019-05-18T12:48:00+02:00,2019-05-18T13:00:00+02:00,,,Europe/Amsterdam,Walking,"{""calories"":35,""intensity"":30,""hr_average"":0,""hr_min"":0,""hr_max"":0,""hr_zone_0"":0,""hr_zone_1"":0,""hr_zone_2"":0,""hr_zone_3"":0,""steps"":1406,""distance"":1240,""elevation"":69,""metcumul"":69}",,2019-05-19T09:33:48+02:00
2019-05-19T09:34:00+02:00,2019-05-19T09:45:00+02:00,,,Europe/Amsterdam,Running,"{""calories"":87,""intensity"":30,""hr_average"":0,""hr_min"":0,""hr_max"":0,""hr_zone_0"":0,""hr_zone_1"":0,""hr_zone_2"":0,""hr_zone_3"":0,""steps"":1649,""distance"":1978,""elevation"":134,""metcumul"":134}",,2019-05-19T13:05:51+02:00
2019-05-19T09:46:00+02:00,2019-05-19T10:05:00+02:00,,,Europe/Amsterdam,Walking,"{""calories"":54,""intensity"":30,""hr_average"":0,""hr_min"":0,""hr_max"":0,""hr_zone_0"":0,""hr_zone_1"":0,""hr_zone_2"":0,""hr_zone_3"":0,""steps"":2187,""distance"":1729,""elevation"":86,""metcumul"":86}",,2019-05-19T13:05:51+02:00
2019-05-20T09:43:00+02:00,2019-05-20T10:02:00+02:00,,,Europe/Amsterdam,Running,"{""calories"":135,""intensity"":30,""hr_average"":0,""hr_min"":0,""hr_max"":0,""hr_zone_0"":0,""hr_zone_1"":0,""hr_zone_2"":0,""hr_zone_3"":0,""steps"":2171,""distance"":2282,""elevation"":137,""metcumul"":137}",,2019-05-23T09:30:08+02:00
2019-05-21T10:00:00+02:00,2019-05-21T10:08:00+02:00,,,Europe/Amsterdam,Walking,"{""calories"":23,""intensity"":30,""hr_average"":0,""hr_min"":0,""hr_max"":0,""hr_zone_0"":0,""hr_zone_1"":0,""hr_zone_2"":0,""hr_zone_3"":0,""steps"":940,""distance"":733,""elevation"":37,""metcumul"":37}",,2019-05-23T09:30:08+02:00
2019-05-22T09:20:00+02:00,2019-05-22T09:43:00+02:00,,,Europe/Amsterdam,Walking,"{""calories"":66,""intensity"":30,""hr_average"":0,""hr_min"":0,""hr_max"":0,""hr_zone_0"":0,""hr_zone_1"":0,""hr_zone_2"":0,""hr_zone_3"":0,""steps"":2506,""distance"":1909,""elevation"":99,""metcumul"":99}",,2019-05-23T09:30:08+02:00
2019-05-22T15:40:00+02:00,2019-05-22T16:03:00+02:00,,,Europe/Amsterdam,Walking,"{""calories"":66,""intensity"":30,""hr_average"":0,""hr_min"":0,""hr_max"":0,""hr_zone_0"":0,""hr_zone_1"":0,""hr_zone_2"":0,""hr_zone_3"":0,""steps"":2524,""distance"":1929,""elevation"":99,""metcumul"":99}",,2019-05-23T09:30:08+02:00
2019-05-23T10:18:00+02:00,2019-05-23T10:44:00+02:00,,,Europe/Amsterdam,Walking,"{""calories"":74,""intensity"":30,""hr_average"":0,""hr_min"":0,""hr_max"":0,""hr_zone_0"":0,""hr_zone_1"":0,""hr_zone_2"":0,""hr_zone_3"":0,""steps"":2785,""distance"":2147,""elevation"":111,""metcumul"":111}",,2019-05-23T16:19:46+02:00
2019-05-23T15:48:00+02:00,2019-05-23T16:15:00+02:00,,,Europe/Amsterdam,Walking,"{""calories"":77,""intensity"":30,""hr_average"":0,""hr_min"":0,""hr_max"":0,""hr_zone_0"":0,""hr_zone_1"":0,""hr_zone_2"":0,""hr_zone_3"":0,""steps"":2931,""distance"":2264,""elevation"":116,""metcumul"":116}",,2019-05-24T08:37:53+02:00
2019-05-24T10:03:00+02:00,2019-05-24T10:13:00+02:00,,,Europe/Amsterdam,Running,"{""calories"":79,""intensity"":30,""hr_average"":0,""hr_min"":0,""hr_max"":0,""hr_zone_0"":0,""hr_zone_1"":0,""hr_zone_2"":0,""hr_zone_3"":0,""steps"":1483,""distance"":1746,""elevation"":120,""metcumul"":120}",,2019-05-24T23:37:37+02:00
2019-05-25T00:15:00+02:00,2019-05-25T00:19:00+02:00,,,Europe/Amsterdam,Walking,"{""calories"":11,""intensity"":30,""hr_average"":0,""hr_min"":0,""hr_max"":0,""hr_zone_0"":0,""hr_zone_1"":0,""hr_zone_2"":0,""hr_zone_3"":0,""steps"":392,""distance"":272,""elevation"":15,""metcumul"":15}",,2019-05-26T08:50:49+02:00
2019-05-26T10:33:00+02:00,2019-05-26T11:09:00+02:00,,,Europe/Amsterdam,Walking,"{""calories"":103,""intensity"":30,""hr_average"":0,""hr_min"":0,""hr_max"":0,""hr_zone_0"":0,""hr_zone_1"":0,""hr_zone_2"":0,""hr_zone_3"":0,""steps"":3529,""distance"":2694,""elevation"":143,""metcumul"":143}",,2019-05-27T07:45:25+02:00
2019-06-07T10:01:00+02:00,2019-06-07T11:15:00+02:00,,,Europe/Madrid,Other,"{""calories"":386,""intensity"":30,""hr_average"":0,""hr_min"":0,""hr_max"":0,""hr_zone_0"":0,""hr_zone_1"":0,""hr_zone_2"":0,""hr_zone_3"":0,""steps"":1926,""distance"":1381,""elevation"":111,""metcumul"":111}",,2019-06-10T08:32:01+02:00
2019-06-09T13:09:00+02:00,2019-06-09T13:54:00+02:00,,,Europe/Madrid,Other,"{""calories"":234,""intensity"":30,""hr_average"":0,""hr_min"":0,""hr_max"":0,""hr_zone_0"":0,""hr_zone_1"":0,""hr_zone_2"":0,""hr_zone_3"":0,""steps"":2242,""distance"":1553,""elevation"":106,""metcumul"":106}",,2019-06-10T08:32:01+02:00
2019-06-09T14:24:00+02:00,2019-06-09T14:38:00+02:00,,,Europe/Madrid,Walking,"{""calories"":40,""intensity"":30,""hr_average"":0,""hr_min"":0,""hr_max"":0,""hr_zone_0"":0,""hr_zone_1"":0,""hr_zone_2"":0,""hr_zone_3"":0,""steps"":1527,""distance"":1167,""elevation"":60,""metcumul"":60}",,2019-06-10T08:32:01+02:00
2019-06-09T18:50:00+02:00,2019-06-09T20:11:00+02:00,,,Europe/Madrid,Other,"{""calories"":422,""intensity"":30,""hr_average"":0,""hr_min"":0,""hr_max"":0,""hr_zone_0"":0,""hr_zone_1"":0,""hr_zone_2"":0,""hr_zone_3"":0,""steps"":2289,""distance"":1614,""elevation"":134,""metcumul"":134}",,2019-06-10T08:32:02+02:00
2019-06-10T08:32:00+02:00,2019-06-10T08:43:00+02:00,,,Europe/Madrid,Walking,"{""calories"":31,""intensity"":30,""hr_average"":0,""hr_min"":0,""hr_max"":0,""hr_zone_0"":0,""hr_zone_1"":0,""hr_zone_2"":0,""hr_zone_3"":0,""steps"":1359,""distance"":1229,""elevation"":62,""metcumul"":62}",,2019-06-13T20:02:01+02:00
2019-06-10T15:49:00+02:00,2019-06-10T16:02:00+02:00,,,Europe/Madrid,Walking,"{""calories"":37,""intensity"":30,""hr_average"":0,""hr_min"":0,""hr_max"":0,""hr_zone_0"":0,""hr_zone_1"":0,""hr_zone_2"":0,""hr_zone_3"":0,""steps"":1195,""distance"":886,""elevation"":48,""metcumul"":48}",,2019-06-13T20:02:01+02:00
2019-06-10T16:12:00+02:00,2019-06-10T16:24:00+02:00,,,Europe/Madrid,Walking,"{""calories"":34,""intensity"":30,""hr_average"":0,""hr_min"":0,""hr_max"":0,""hr_zone_0"":0,""hr_zone_1"":0,""hr_zone_2"":0,""hr_zone_3"":0,""steps"":1094,""distance"":787,""elevation"":44,""metcumul"":44}",,2019-06-13T20:02:02+02:00
2019-06-10T16:48:00+02:00,2019-06-10T17:04:00+02:00,,,Europe/Madrid,Walking,"{""calories"":46,""intensity"":30,""hr_average"":0,""hr_min"":0,""hr_max"":0,""hr_zone_0"":0,""hr_zone_1"":0,""hr_zone_2"":0,""hr_zone_3"":0,""steps"":1513,""distance"":1164,""elevation"":60,""metcumul"":60}",,2019-06-21T07:11:29+02:00
2019-06-10T19:34:00+02:00,2019-06-10T19:49:00+02:00,,,Europe/Madrid,Walking,"{""calories"":43,""intensity"":30,""hr_average"":0,""hr_min"":0,""hr_max"":0,""hr_zone_0"":0,""hr_zone_1"":0,""hr_zone_2"":0,""hr_zone_3"":0,""steps"":1326,""distance"":916,""elevation"":53,""metcumul"":53}",,2019-06-21T07:11:30+02:00
2019-06-11T18:53:00+02:00,2019-06-11T18:57:00+02:00,,,Europe/Madrid,Walking,"{""calories"":11,""intensity"":30,""hr_average"":0,""hr_min"":0,""hr_max"":0,""hr_zone_0"":0,""hr_zone_1"":0,""hr_zone_2"":0,""hr_zone_3"":0,""steps"":480,""distance"":375,""elevation"":18,""metcumul"":18}",,2019-06-21T07:11:30+02:00
2019-06-12T14:53:00+02:00,2019-06-12T15:03:00+02:00,,,Europe/Madrid,Walking,"{""calories"":28,""intensity"":30,""hr_average"":0,""hr_min"":0,""hr_max"":0,""hr_zone_0"":0,""hr_zone_1"":0,""hr_zone_2"":0,""hr_zone_3"":0,""steps"":782,""distance"":618,""elevation"":32,""metcumul"":32}",,2019-06-21T07:11:30+02:00
2019-06-12T15:53:00+02:00,2019-06-12T16:00:00+02:00,,,Europe/Madrid,Walking,"{""calories"":20,""intensity"":30,""hr_average"":0,""hr_min"":0,""hr_max"":0,""hr_zone_0"":0,""hr_zone_1"":0,""hr_zone_2"":0,""hr_zone_3"":0,""steps"":713,""distance"":545,""elevation"":28,""metcumul"":28}",,2019-06-21T07:11:31+02:00
2019-06-12T19:42:00+02:00,2019-06-12T20:01:00+02:00,,,Europe/Madrid,Other,"{""calories"":99,""intensity"":30,""hr_average"":0,""hr_min"":0,""hr_max"":0,""hr_zone_0"":0,""hr_zone_1"":0,""hr_zone_2"":0,""hr_zone_3"":0,""steps"":626,""distance"":451,""elevation"":35,""metcumul"":35}",,2019-06-21T07:11:31+02:00
2019-06-17T18:46:00+02:00,2019-06-17T18:59:00+02:00,,,Europe/Madrid,Walking,"{""calories"":37,""intensity"":30,""hr_average"":0,""hr_min"":0,""hr_max"":0,""hr_zone_0"":0,""hr_zone_1"":0,""hr_zone_2"":0,""hr_zone_3"":0,""steps"":1248,""distance"":928,""elevation"":50,""metcumul"":50}",,2019-06-22T22:13:39+02:00
2019-06-18T15:07:00+02:00,2019-06-18T15:22:00+02:00,,,Europe/Madrid,Walking,"{""calories"":43,""intensity"":30,""hr_average"":0,""hr_min"":0,""hr_max"":0,""hr_zone_0"":0,""hr_zone_1"":0,""hr_zone_2"":0,""hr_zone_3"":0,""steps"":1314,""distance"":907,""elevation"":53,""metcumul"":53}",,2019-06-22T22:13:39+02:00
2019-06-19T20:05:00+02:00,2019-06-19T21:07:00+02:00,,,Europe/Madrid,Tennis,"{""calories"":226,""intensity"":30,""hr_average"":0,""hr_min"":0,""hr_max"":0,""hr_zone_0"":0,""hr_zone_1"":0,""hr_zone_2"":0,""hr_zone_3"":0,""steps"":1638,""distance"":1149,""elevation"":93,""metcumul"":93}",,2019-06-22T22:13:39+02:00
2019-06-20T16:54:00+02:00,2019-06-20T17:00:00+02:00,,,Europe/Madrid,Walking,"{""calories"":17,""intensity"":30,""hr_average"":0,""hr_min"":0,""hr_max"":0,""hr_zone_0"":0,""hr_zone_1"":0,""hr_zone_2"":0,""hr_zone_3"":0,""steps"":455,""distance"":378,""elevation"":20,""metcumul"":20}",,2019-06-22T22:13:39+02:00
2019-06-20T17:24:00+02:00,2019-06-20T17:29:00+02:00,,,Europe/Madrid,Running,"{""calories"":35,""intensity"":30,""hr_average"":0,""hr_min"":0,""hr_max"":0,""hr_zone_0"":0,""hr_zone_1"":0,""hr_zone_2"":0,""hr_zone_3"":0,""steps"":507,""distance"":515,""elevation"":27,""metcumul"":27}",,2019-06-22T22:13:40+02:00
2019-06-20T18:45:00+02:00,2019-06-20T18:58:00+02:00,,,Europe/Madrid,Walking,"{""calories"":37,""intensity"":30,""hr_average"":0,""hr_min"":0,""hr_max"":0,""hr_zone_0"":0,""hr_zone_1"":0,""hr_zone_2"":0,""hr_zone_3"":0,""steps"":941,""distance"":690,""elevation"":40,""metcumul"":40}",,2019-06-22T22:13:40+02:00
2019-06-20T20:12:00+02:00,2019-06-20T20:22:00+02:00,,,Europe/Madrid,Running,"{""calories"":71,""intensity"":30,""hr_average"":0,""hr_min"":0,""hr_max"":0,""hr_zone_0"":0,""hr_zone_1"":0,""hr_zone_2"":0,""hr_zone_3"":0,""steps"":1020,""distance"":979,""elevation"":50,""metcumul"":50}",,2019-06-22T22:13:40+02:00
2019-06-23T12:24:00+02:00,2019-06-23T13:13:00+02:00,,,Europe/Madrid,Other,"{""calories"":255,""intensity"":30,""hr_average"":0,""hr_min"":0,""hr_max"":0,""hr_zone_0"":0,""hr_zone_1"":0,""hr_zone_2"":0,""hr_zone_3"":0,""steps"":2119,""distance"":1573,""elevation"":108,""metcumul"":108}",,2019-06-24T21:20:21+02:00
2019-06-24T15:15:00+02:00,2019-06-24T15:30:00+02:00,,,Europe/Madrid,Swimming,"{""calories"":67,""hr_average"":0,""hr_min"":0,""hr_max"":0,""hr_zone_0"":0,""hr_zone_1"":0,""hr_zone_2"":0,""hr_zone_3"":0,""laps"":0,""mvts"":0,""pool_length"":25,""type"":9}",,2019-06-24T21:21:16+02:00
2019-06-24T18:45:00+02:00,2019-06-24T19:15:00+02:00,,,Europe/Madrid,Walking,"{""calories"":86,""intensity"":30,""hr_average"":0,""hr_min"":0,""hr_max"":0,""hr_zone_0"":0,""hr_zone_1"":0,""hr_zone_2"":0,""hr_zone_3"":0,""steps"":0,""distance"":0,""elevation"":0,""metcumul"":0}",,2019-06-24T21:22:04+02:00
2019-06-27T17:12:00+02:00,2019-06-27T17:20:00+02:00,,,Europe/Madrid,Walking,"{""calories"":23,""intensity"":30,""hr_average"":0,""hr_min"":0,""hr_max"":0,""hr_zone_0"":0,""hr_zone_1"":0,""hr_zone_2"":0,""hr_zone_3"":0,""steps"":681,""distance"":508,""elevation"":28,""metcumul"":28}",,2019-07-12T13:00:14+02:00
2019-06-28T08:20:00+02:00,2019-06-28T08:30:00+02:00,,,Europe/Madrid,Walking,"{""calories"":28,""intensity"":30,""hr_average"":0,""hr_min"":0,""hr_max"":0,""hr_zone_0"":0,""hr_zone_1"":0,""hr_zone_2"":0,""hr_zone_3"":0,""steps"":979,""distance"":727,""elevation"":39,""metcumul"":39}",,2019-07-12T13:00:14+02:00
2019-07-17T20:16:00+02:00,2019-07-17T20:24:00+02:00,,,Europe/Amsterdam,Walking,"{""calories"":23,""intensity"":30,""hr_average"":0,""hr_min"":0,""hr_max"":0,""hr_zone_0"":0,""hr_zone_1"":0,""hr_zone_2"":0,""hr_zone_3"":0,""steps"":731,""distance"":535,""elevation"":29,""metcumul"":29}",,2019-07-22T07:13:59+02:00
2019-07-17T20:30:00+02:00,2019-07-17T20:44:00+02:00,,,Europe/Amsterdam,Walking,"{""calories"":40,""intensity"":30,""hr_average"":0,""hr_min"":0,""hr_max"":0,""hr_zone_0"":0,""hr_zone_1"":0,""hr_zone_2"":0,""hr_zone_3"":0,""steps"":1369,""distance"":989,""elevation"":54,""metcumul"":54}",,2019-07-22T07:13:59+02:00
2019-07-17T21:14:00+02:00,2019-07-17T21:27:00+02:00,,,Europe/Amsterdam,Walking,"{""calories"":37,""intensity"":30,""hr_average"":0,""hr_min"":0,""hr_max"":0,""hr_zone_0"":0,""hr_zone_1"":0,""hr_zone_2"":0,""hr_zone_3"":0,""steps"":1328,""distance"":971,""elevation"":52,""metcumul"":52}",,2019-07-22T07:14:00+02:00
2019-07-17T21:59:00+02:00,2019-07-17T22:21:00+02:00,,,Europe/Amsterdam,Walking,"{""calories"":63,""intensity"":30,""hr_average"":0,""hr_min"":0,""hr_max"":0,""hr_zone_0"":0,""hr_zone_1"":0,""hr_zone_2"":0,""hr_zone_3"":0,""steps"":2017,""distance"":1478,""elevation"":80,""metcumul"":80}",,2019-07-22T07:14:00+02:00
2019-07-18T08:11:00+02:00,2019-07-18T08:15:00+02:00,,,Europe/Amsterdam,Walking,"{""calories"":11,""intensity"":30,""hr_average"":0,""hr_min"":0,""hr_max"":0,""hr_zone_0"":0,""hr_zone_1"":0,""hr_zone_2"":0,""hr_zone_3"":0,""steps"":347,""distance"":256,""elevation"":14,""metcumul"":14}",,2019-07-22T07:14:00+02:00
2019-07-21T11:02:00+02:00,2019-07-21T11:19:00+02:00,,,Europe/Amsterdam,Running,"{""calories"":131,""intensity"":30,""hr_average"":0,""hr_min"":0,""hr_max"":0,""hr_zone_0"":0,""hr_zone_1"":0,""hr_zone_2"":0,""hr_zone_3"":0,""steps"":2521,""distance"":2989,""elevation"":203,""metcumul"":203}",,2019-07-22T07:14:30+02:00
2019-07-23T10:38:00+02:00,2019-07-23T10:56:00+02:00,,,Europe/Amsterdam,Running,"{""calories"":139,""intensity"":30,""hr_average"":0,""hr_min"":0,""hr_max"":0,""hr_zone_0"":0,""hr_zone_1"":0,""hr_zone_2"":0,""hr_zone_3"":0,""steps"":2745,""distance"":3319,""elevation"":218,""metcumul"":218}",,2019-07-29T09:59:23+02:00
2019-07-24T09:43:00+02:00,2019-07-24T09:55:00+02:00,,,Europe/Amsterdam,Walking,"{""calories"":34,""intensity"":30,""hr_average"":0,""hr_min"":0,""hr_max"":0,""hr_zone_0"":0,""hr_zone_1"":0,""hr_zone_2"":0,""hr_zone_3"":0,""steps"":1300,""distance"":968,""elevation"":51,""metcumul"":51}",,2019-07-29T09:59:18+02:00
2019-07-24T20:37:00+02:00,2019-07-24T20:55:00+02:00,,,Europe/Amsterdam,Walking,"{""calories"":51,""intensity"":30,""hr_average"":0,""hr_min"":0,""hr_max"":0,""hr_zone_0"":0,""hr_zone_1"":0,""hr_zone_2"":0,""hr_zone_3"":0,""steps"":1693,""distance"":1191,""elevation"":67,""metcumul"":67}",,2019-07-29T09:59:19+02:00
2019-07-26T12:41:00+02:00,2019-07-26T12:53:00+02:00,,,Europe/Amsterdam,Walking,"{""calories"":34,""intensity"":30,""hr_average"":0,""hr_min"":0,""hr_max"":0,""hr_zone_0"":0,""hr_zone_1"":0,""hr_zone_2"":0,""hr_zone_3"":0,""steps"":1290,""distance"":939,""elevation"":50,""metcumul"":50}",,2019-07-29T09:59:52+02:00
2019-07-26T12:54:00+02:00,2019-07-26T13:01:00+02:00,,,Europe/Amsterdam,Running,"{""calories"":50,""intensity"":30,""hr_average"":0,""hr_min"":0,""hr_max"":0,""hr_zone_0"":0,""hr_zone_1"":0,""hr_zone_2"":0,""hr_zone_3"":0,""steps"":1035,""distance"":1215,""elevation"":77,""metcumul"":77}",,2019-07-29T09:59:52+02:00
2019-07-26T14:00:00+02:00,2019-07-26T14:40:00+02:00,,,Europe/Amsterdam,Cycling,"{""calories"":139,""intensity"":15,""hr_average"":0,""hr_min"":0,""hr_max"":0,""hr_zone_0"":0,""hr_zone_1"":0,""hr_zone_2"":0,""hr_zone_3"":0,""steps"":0,""distance"":0,""elevation"":0,""metcumul"":0}",,2019-07-29T10:01:29+02:00
2019-07-29T11:27:00+02:00,2019-07-29T11:37:00+02:00,,,Europe/Amsterdam,Walking,"{""calories"":28,""intensity"":30,""hr_average"":0,""hr_min"":0,""hr_max"":0,""hr_zone_0"":0,""hr_zone_1"":0,""hr_zone_2"":0,""hr_zone_3"":0,""steps"":809,""distance"":608,""elevation"":34,""metcumul"":34}",,2019-07-29T11:38:30+02:00
2019-08-10T21:38:00+02:00,2019-08-10T21:55:00+02:00,,,Europe/Madrid,Walking,"{""calories"":48,""intensity"":30,""hr_average"":0,""hr_min"":0,""hr_max"":0,""hr_zone_0"":0,""hr_zone_1"":0,""hr_zone_2"":0,""hr_zone_3"":0,""steps"":1569,""distance"":1153,""elevation"":63,""metcumul"":63}",,2019-08-13T18:29:25+02:00
2019-08-10T22:28:00+02:00,2019-08-10T22:45:00+02:00,,,Europe/Madrid,Walking,"{""calories"":48,""intensity"":30,""hr_average"":0,""hr_min"":0,""hr_max"":0,""hr_zone_0"":0,""hr_zone_1"":0,""hr_zone_2"":0,""hr_zone_3"":0,""steps"":1612,""distance"":1098,""elevation"":63,""metcumul"":63}",,2019-08-13T18:29:25+02:00
2019-08-12T17:40:06+02:00,2019-08-12T17:58:14+02:00,,,Europe/Madrid,Swimming,"{""calories"":81,""hr_average"":0,""hr_min"":0,""hr_max"":0,""hr_zone_0"":0,""hr_zone_1"":0,""hr_zone_2"":0,""hr_zone_3"":0,""laps"":14,""mvts"":218,""pool_length"":25,""type"":9}",,2019-08-13T18:29:45+02:00
2019-08-13T18:13:16+02:00,2019-08-13T18:26:35+02:00,,,Europe/Madrid,Swimming,"{""calories"":59,""hr_average"":0,""hr_min"":0,""hr_max"":0,""hr_zone_0"":0,""hr_zone_1"":0,""hr_zone_2"":0,""hr_zone_3"":0,""laps"":7,""mvts"":93,""pool_length"":25,""type"":9}",,2019-08-23T12:10:37+02:00
2019-08-14T22:37:00+02:00,2019-08-14T22:55:00+02:00,,,Europe/Amsterdam,Walking,"{""calories"":51,""intensity"":30,""hr_average"":0,""hr_min"":0,""hr_max"":0,""hr_zone_0"":0,""hr_zone_1"":0,""hr_zone_2"":0,""hr_zone_3"":0,""steps"":1679,""distance"":1148,""elevation"":67,""metcumul"":67}",,2019-09-02T07:10:11+02:00
2019-08-15T21:41:00+02:00,2019-08-15T21:58:00+02:00,,,Europe/Amsterdam,Walking,"{""calories"":48,""intensity"":30,""hr_average"":0,""hr_min"":0,""hr_max"":0,""hr_zone_0"":0,""hr_zone_1"":0,""hr_zone_2"":0,""hr_zone_3"":0,""steps"":1262,""distance"":868,""elevation"":53,""metcumul"":53}",,2019-09-02T07:10:11+02:00
2019-08-16T09:15:00+02:00,2019-08-16T09:19:00+02:00,,,Europe/Amsterdam,Walking,"{""calories"":11,""intensity"":30,""hr_average"":0,""hr_min"":0,""hr_max"":0,""hr_zone_0"":0,""hr_zone_1"":0,""hr_zone_2"":0,""hr_zone_3"":0,""steps"":412,""distance"":327,""elevation"":16,""metcumul"":16}",,2019-09-02T07:10:11+02:00
2019-08-16T09:20:00+02:00,2019-08-16T09:25:00+02:00,,,Europe/Amsterdam,Running,"{""calories"":36,""intensity"":30,""hr_average"":0,""hr_min"":0,""hr_max"":0,""hr_zone_0"":0,""hr_zone_1"":0,""hr_zone_2"":0,""hr_zone_3"":0,""steps"":709,""distance"":854,""elevation"":57,""metcumul"":57}",,2019-09-02T07:10:11+02:00
2019-08-19T12:24:00+02:00,2019-08-19T12:33:00+02:00,,,Europe/Amsterdam,Walking,"{""calories"":25,""intensity"":30,""hr_average"":0,""hr_min"":0,""hr_max"":0,""hr_zone_0"":0,""hr_zone_1"":0,""hr_zone_2"":0,""hr_zone_3"":0,""steps"":961,""distance"":754,""elevation"":38,""metcumul"":38}",,2019-09-02T07:10:11+02:00
2019-08-19T15:52:00+02:00,2019-08-19T16:19:00+02:00,,,Europe/Amsterdam,Walking,"{""calories"":77,""intensity"":30,""hr_average"":0,""hr_min"":0,""hr_max"":0,""hr_zone_0"":0,""hr_zone_1"":0,""hr_zone_2"":0,""hr_zone_3"":0,""steps"":2913,""distance"":2332,""elevation"":117,""metcumul"":117}",,2019-09-02T07:10:11+02:00
2019-08-20T21:43:00+02:00,2019-08-20T21:48:00+02:00,,,Europe/Amsterdam,Walking,"{""calories"":14,""intensity"":30,""hr_average"":0,""hr_min"":0,""hr_max"":0,""hr_zone_0"":0,""hr_zone_1"":0,""hr_zone_2"":0,""hr_zone_3"":0,""steps"":463,""distance"":330,""elevation"":18,""metcumul"":18}",,2019-09-02T07:10:11+02:00
2019-08-21T16:16:00+02:00,2019-08-21T16:24:00+02:00,,,Europe/Amsterdam,Walking,"{""calories"":23,""intensity"":30,""hr_average"":0,""hr_min"":0,""hr_max"":0,""hr_zone_0"":0,""hr_zone_1"":0,""hr_zone_2"":0,""hr_zone_3"":0,""steps"":795,""distance"":577,""elevation"":31,""metcumul"":31}",,2019-09-02T07:10:12+02:00
2019-08-21T17:02:00+02:00,2019-08-21T17:13:00+02:00,,,Europe/Amsterdam,Walking,"{""calories"":31,""intensity"":30,""hr_average"":0,""hr_min"":0,""hr_max"":0,""hr_zone_0"":0,""hr_zone_1"":0,""hr_zone_2"":0,""hr_zone_3"":0,""steps"":1183,""distance"":888,""elevation"":46,""metcumul"":46}",,2019-09-02T07:10:12+02:00
2019-08-22T11:21:00+02:00,2019-08-22T11:38:00+02:00,,,Europe/Amsterdam,Walking,"{""calories"":48,""intensity"":30,""hr_average"":0,""hr_min"":0,""hr_max"":0,""hr_zone_0"":0,""hr_zone_1"":0,""hr_zone_2"":0,""hr_zone_3"":0,""steps"":1426,""distance"":1074,""elevation"":59,""metcumul"":59}",,2019-09-02T07:10:12+02:00
2019-08-22T16:25:00+02:00,2019-08-22T16:44:00+02:00,,,Europe/Amsterdam,Walking,"{""calories"":54,""intensity"":30,""hr_average"":0,""hr_min"":0,""hr_max"":0,""hr_zone_0"":0,""hr_zone_1"":0,""hr_zone_2"":0,""hr_zone_3"":0,""steps"":1645,""distance"":1239,""elevation"":67,""metcumul"":67}",,2019-09-02T07:10:12+02:00
2019-08-23T21:29:00+02:00,2019-08-23T21:49:00+02:00,,,Europe/Amsterdam,Walking,"{""calories"":57,""intensity"":30,""hr_average"":0,""hr_min"":0,""hr_max"":0,""hr_zone_0"":0,""hr_zone_1"":0,""hr_zone_2"":0,""hr_zone_3"":0,""steps"":1912,""distance"":1324,""elevation"":75,""metcumul"":75}",,2019-09-02T07:10:12+02:00
2019-08-26T11:22:00+02:00,2019-08-26T11:54:00+02:00,,,Europe/Amsterdam,Walking,"{""calories"":92,""intensity"":30,""hr_average"":0,""hr_min"":0,""hr_max"":0,""hr_zone_0"":0,""hr_zone_1"":0,""hr_zone_2"":0,""hr_zone_3"":0,""steps"":2537,""distance"":1915,""elevation"":108,""metcumul"":108}",,2019-09-02T07:10:13+02:00
2019-08-26T15:15:00+02:00,2019-08-26T15:31:00+02:00,,,Europe/Amsterdam,Walking,"{""calories"":46,""intensity"":30,""hr_average"":0,""hr_min"":0,""hr_max"":0,""hr_zone_0"":0,""hr_zone_1"":0,""hr_zone_2"":0,""hr_zone_3"":0,""steps"":1372,""distance"":1000,""elevation"":56,""metcumul"":56}",,2019-09-02T07:10:13+02:00
2019-08-27T10:11:00+02:00,2019-08-27T10:23:00+02:00,,,Europe/Amsterdam,Running,"{""calories"":88,""intensity"":30,""hr_average"":0,""hr_min"":0,""hr_max"":0,""hr_zone_0"":0,""hr_zone_1"":0,""hr_zone_2"":0,""hr_zone_3"":0,""steps"":1739,""distance"":2035,""elevation"":141,""metcumul"":141}",,2019-09-02T07:10:13+02:00
2019-08-29T22:36:00+02:00,2019-08-29T23:06:00+02:00,,,Europe/Amsterdam,Walking,"{""calories"":86,""intensity"":30,""hr_average"":0,""hr_min"":0,""hr_max"":0,""hr_zone_0"":0,""hr_zone_1"":0,""hr_zone_2"":0,""hr_zone_3"":0,""steps"":2557,""distance"":1649,""elevation"":103,""metcumul"":103}",,2019-09-02T07:10:13+02:00
2019-08-30T09:23:00+02:00,2019-08-30T09:27:00+02:00,,,Europe/Amsterdam,Walking,"{""calories"":11,""intensity"":30,""hr_average"":0,""hr_min"":0,""hr_max"":0,""hr_zone_0"":0,""hr_zone_1"":0,""hr_zone_2"":0,""hr_zone_3"":0,""steps"":241,""distance"":183,""elevation"":10,""metcumul"":10}",,2019-09-02T07:10:13+02:00
2019-08-30T09:28:00+02:00,2019-08-30T09:43:00+02:00,,,Europe/Amsterdam,Running,"{""calories"":107,""intensity"":30,""hr_average"":0,""hr_min"":0,""hr_max"":0,""hr_zone_0"":0,""hr_zone_1"":0,""hr_zone_2"":0,""hr_zone_3"":0,""steps"":2027,""distance"":2245,""elevation"":141,""metcumul"":141}",,2019-09-02T07:10:13+02:00
2019-08-30T10:52:00+02:00,2019-08-30T11:14:00+02:00,,,Europe/Amsterdam,Walking,"{""calories"":63,""intensity"":30,""hr_average"":0,""hr_min"":0,""hr_max"":0,""hr_zone_0"":0,""hr_zone_1"":0,""hr_zone_2"":0,""hr_zone_3"":0,""steps"":1871,""distance"":1399,""elevation"":77,""metcumul"":77}",,2019-09-02T07:10:13+02:00
2019-08-30T15:16:00+02:00,2019-08-30T15:21:00+02:00,,,Europe/Amsterdam,Walking,"{""calories"":14,""intensity"":30,""hr_average"":0,""hr_min"":0,""hr_max"":0,""hr_zone_0"":0,""hr_zone_1"":0,""hr_zone_2"":0,""hr_zone_3"":0,""steps"":505,""distance"":358,""elevation"":19,""metcumul"":19}",,2019-09-02T07:10:14+02:00
2019-08-30T15:27:00+02:00,2019-08-30T15:31:00+02:00,,,Europe/Amsterdam,Walking,"{""calories"":11,""intensity"":30,""hr_average"":0,""hr_min"":0,""hr_max"":0,""hr_zone_0"":0,""hr_zone_1"":0,""hr_zone_2"":0,""hr_zone_3"":0,""steps"":362,""distance"":265,""elevation"":14,""metcumul"":14}",,2019-09-02T07:10:14+02:00
2019-08-30T15:45:00+02:00,2019-08-30T16:12:00+02:00,,,Europe/Amsterdam,Walking,"{""calories"":77,""intensity"":30,""hr_average"":0,""hr_min"":0,""hr_max"":0,""hr_zone_0"":0,""hr_zone_1"":0,""hr_zone_2"":0,""hr_zone_3"":0,""steps"":2541,""distance"":1958,""elevation"":104,""metcumul"":104}",,2019-09-02T07:10:14+02:00
2019-09-01T11:09:00+02:00,2019-09-01T11:14:00+02:00,,,Europe/Amsterdam,Walking,"{""calories"":14,""intensity"":30,""hr_average"":0,""hr_min"":0,""hr_max"":0,""hr_zone_0"":0,""hr_zone_1"":0,""hr_zone_2"":0,""hr_zone_3"":0,""steps"":484,""distance"":383,""elevation"":19,""metcumul"":19}",,2019-09-02T07:10:14+02:00
2019-09-01T11:15:00+02:00,2019-09-01T11:19:00+02:00,,,Europe/Amsterdam,Running,"{""calories"":28,""intensity"":30,""hr_average"":0,""hr_min"":0,""hr_max"":0,""hr_zone_0"":0,""hr_zone_1"":0,""hr_zone_2"":0,""hr_zone_3"":0,""steps"":480,""distance"":424,""elevation"":20,""metcumul"":20}",,2019-09-02T07:10:14+02:00
2019-09-02T10:04:00+02:00,2019-09-02T10:23:00+02:00,,,Europe/Amsterdam,Running,"{""calories"":135,""intensity"":30,""hr_average"":0,""hr_min"":0,""hr_max"":0,""hr_zone_0"":0,""hr_zone_1"":0,""hr_zone_2"":0,""hr_zone_3"":0,""steps"":2687,""distance"":2983,""elevation"":193,""metcumul"":193}",,2019-09-04T19:41:30+02:00
2019-09-03T11:22:00+02:00,2019-09-03T11:38:00+02:00,,,Europe/Amsterdam,Walking,"{""calories"":46,""intensity"":30,""hr_average"":0,""hr_min"":0,""hr_max"":0,""hr_zone_0"":0,""hr_zone_1"":0,""hr_zone_2"":0,""hr_zone_3"":0,""steps"":1425,""distance"":1081,""elevation"":58,""metcumul"":58}",,2019-09-04T19:41:30+02:00
2019-09-03T16:06:00+02:00,2019-09-03T16:10:00+02:00,,,Europe/Amsterdam,Walking,"{""calories"":11,""intensity"":30,""hr_average"":0,""hr_min"":0,""hr_max"":0,""hr_zone_0"":0,""hr_zone_1"":0,""hr_zone_2"":0,""hr_zone_3"":0,""steps"":460,""distance"":348,""elevation"":18,""metcumul"":18}",,2019-09-04T19:41:30+02:00
2019-09-04T20:14:00+02:00,2019-09-04T20:21:00+02:00,,,Europe/Amsterdam,Walking,"{""calories"":20,""intensity"":30,""hr_average"":0,""hr_min"":0,""hr_max"":0,""hr_zone_0"":0,""hr_zone_1"":0,""hr_zone_2"":0,""hr_zone_3"":0,""steps"":722,""distance"":533,""elevation"":28,""metcumul"":28}",,2019-09-06T16:52:28+02:00
2019-09-16T12:50:00+02:00,2019-09-16T12:57:00+02:00,,,Europe/Madrid,Walking,"{""calories"":20,""intensity"":30,""hr_average"":0,""hr_min"":0,""hr_max"":0,""hr_zone_0"":0,""hr_zone_1"":0,""hr_zone_2"":0,""hr_zone_3"":0,""steps"":805,""distance"":624,""elevation"":31,""metcumul"":31}",,2019-09-18T11:04:06+02:00
2019-09-16T19:41:00+02:00,2019-09-16T19:59:00+02:00,,,Europe/Madrid,Walking,"{""calories"":51,""intensity"":30,""hr_average"":0,""hr_min"":0,""hr_max"":0,""hr_zone_0"":0,""hr_zone_1"":0,""hr_zone_2"":0,""hr_zone_3"":0,""steps"":1848,""distance"":1376,""elevation"":73,""metcumul"":73}",,2019-09-18T11:04:06+02:00
2019-09-16T20:59:00+02:00,2019-09-16T21:16:00+02:00,,,Europe/Madrid,Walking,"{""calories"":48,""intensity"":30,""hr_average"":0,""hr_min"":0,""hr_max"":0,""hr_zone_0"":0,""hr_zone_1"":0,""hr_zone_2"":0,""hr_zone_3"":0,""steps"":1558,""distance"":1129,""elevation"":63,""metcumul"":63}",,2019-09-18T11:04:06+02:00
2019-09-17T10:00:00+02:00,2019-09-17T10:10:00+02:00,,,Europe/Madrid,Other,"{""calories"":52,""intensity"":30,""hr_average"":0,""hr_min"":0,""hr_max"":0,""hr_zone_0"":0,""hr_zone_1"":0,""hr_zone_2"":0,""hr_zone_3"":0,""steps"":290,""distance"":210,""elevation"":15,""metcumul"":15}",,2019-09-18T11:04:06+02:00
2019-09-17T10:00:00+02:00,2019-09-17T10:10:00+02:00,,,Europe/Madrid,Other,"{""calories"":52,""intensity"":30,""hr_average"":0,""hr_min"":0,""hr_max"":0,""hr_zone_0"":0,""hr_zone_1"":0,""hr_zone_2"":0,""hr_zone_3"":0,""steps"":290,""distance"":210,""elevation"":15,""metcumul"":15}",,2019-09-20T09:55:28+02:00
2019-09-17T11:15:00+02:00,2019-09-17T11:22:00+02:00,,,Europe/Madrid,Running,"{""calories"":49,""intensity"":30,""hr_average"":0,""hr_min"":0,""hr_max"":0,""hr_zone_0"":0,""hr_zone_1"":0,""hr_zone_2"":0,""hr_zone_3"":0,""steps"":599,""distance"":646,""elevation"":46,""metcumul"":46}",,2019-09-18T11:04:06+02:00
2019-09-17T11:29:00+02:00,2019-09-17T11:34:00+02:00,,,Europe/Madrid,Running,"{""calories"":35,""intensity"":30,""hr_average"":0,""hr_min"":0,""hr_max"":0,""hr_zone_0"":0,""hr_zone_1"":0,""hr_zone_2"":0,""hr_zone_3"":0,""steps"":605,""distance"":622,""elevation"":39,""metcumul"":39}",,2019-09-18T11:04:07+02:00
2019-09-17T14:12:00+02:00,2019-09-17T14:20:00+02:00,,,Europe/Madrid,Walking,"{""calories"":23,""intensity"":30,""hr_average"":0,""hr_min"":0,""hr_max"":0,""hr_zone_0"":0,""hr_zone_1"":0,""hr_zone_2"":0,""hr_zone_3"":0,""steps"":935,""distance"":740,""elevation"":37,""metcumul"":37}",,2019-09-18T11:04:07+02:00
2019-09-17T16:53:00+02:00,2019-09-17T17:02:00+02:00,,,Europe/Madrid,Walking,"{""calories"":25,""intensity"":30,""hr_average"":0,""hr_min"":0,""hr_max"":0,""hr_zone_0"":0,""hr_zone_1"":0,""hr_zone_2"":0,""hr_zone_3"":0,""steps"":1032,""distance"":801,""elevation"":40,""metcumul"":40}",,2019-09-18T11:04:07+02:00
2019-09-18T11:00:00+02:00,2019-09-18T11:10:00+02:00,,,Europe/Madrid,Walking,"{""calories"":28,""intensity"":30,""hr_average"":0,""hr_min"":0,""hr_max"":0,""hr_zone_0"":0,""hr_zone_1"":0,""hr_zone_2"":0,""hr_zone_3"":0,""steps"":1144,""distance"":901,""elevation"":45,""metcumul"":45}",,2019-09-20T09:55:28+02:00
2019-09-18T13:55:00+02:00,2019-09-18T14:06:00+02:00,,,Europe/Madrid,Walking,"{""calories"":31,""intensity"":30,""hr_average"":0,""hr_min"":0,""hr_max"":0,""hr_zone_0"":0,""hr_zone_1"":0,""hr_zone_2"":0,""hr_zone_3"":0,""steps"":1173,""distance"":858,""elevation"":46,""metcumul"":46}",,2019-09-20T09:55:29+02:00
2019-09-18T15:46:00+02:00,2019-09-18T15:51:00+02:00,,,Europe/Madrid,Walking,"{""calories"":14,""intensity"":30,""hr_average"":0,""hr_min"":0,""hr_max"":0,""hr_zone_0"":0,""hr_zone_1"":0,""hr_zone_2"":0,""hr_zone_3"":0,""steps"":571,""distance"":443,""elevation"":22,""metcumul"":22}",,2019-09-20T09:55:29+02:00
2019-09-18T19:29:00+02:00,2019-09-18T19:47:00+02:00,,,Europe/Madrid,Walking,"{""calories"":51,""intensity"":30,""hr_average"":0,""hr_min"":0,""hr_max"":0,""hr_zone_0"":0,""hr_zone_1"":0,""hr_zone_2"":0,""hr_zone_3"":0,""steps"":1677,""distance"":1261,""elevation"":68,""metcumul"":68}",,2019-09-20T09:55:29+02:00
2019-09-20T09:00:00+02:00,2019-09-20T09:20:00+02:00,,,Europe/Amsterdam,Pilates,"{""calories"":41,""intensity"":30,""hr_average"":0,""hr_min"":0,""hr_max"":0,""hr_zone_0"":0,""hr_zone_1"":0,""hr_zone_2"":0,""hr_zone_3"":0,""steps"":0,""distance"":0,""elevation"":0,""metcumul"":0}",,2019-09-20T21:09:20+02:00
2019-09-20T10:30:00+02:00,2019-09-20T10:45:00+02:00,,,Europe/Amsterdam,Cycling,"{""calories"":74,""intensity"":30,""hr_average"":0,""hr_min"":0,""hr_max"":0,""hr_zone_0"":0,""hr_zone_1"":0,""hr_zone_2"":0,""hr_zone_3"":0,""steps"":0,""distance"":0,""elevation"":0,""metcumul"":0}",,2019-09-20T21:10:03+02:00
2019-09-20T11:52:00+02:00,2019-09-20T12:21:00+02:00,,,Europe/Amsterdam,Walking,"{""calories"":83,""intensity"":30,""hr_average"":0,""hr_min"":0,""hr_max"":0,""hr_zone_0"":0,""hr_zone_1"":0,""hr_zone_2"":0,""hr_zone_3"":0,""steps"":2869,""distance"":2144,""elevation"":115,""metcumul"":115}",,2019-09-20T21:08:05+02:00
2019-09-20T15:56:00+02:00,2019-09-20T16:29:00+02:00,,,Europe/Amsterdam,Walking,"{""calories"":95,""intensity"":30,""hr_average"":0,""hr_min"":0,""hr_max"":0,""hr_zone_0"":0,""hr_zone_1"":0,""hr_zone_2"":0,""hr_zone_3"":0,""steps"":3065,""distance"":2278,""elevation"":125,""metcumul"":125}",,2019-09-20T21:07:41+02:00
2019-09-20T17:00:00+02:00,2019-09-20T17:20:00+02:00,,,Europe/Amsterdam,Cycling,"{""calories"":99,""intensity"":30,""hr_average"":0,""hr_min"":0,""hr_max"":0,""hr_zone_0"":0,""hr_zone_1"":0,""hr_zone_2"":0,""hr_zone_3"":0,""steps"":0,""distance"":0,""elevation"":0,""metcumul"":0}",,2019-09-20T21:10:41+02:00
2019-09-21T11:38:00+02:00,2019-09-21T11:56:00+02:00,,,Europe/Madrid,Running,"{""calories"":146,""intensity"":30,""hr_average"":0,""hr_min"":0,""hr_max"":0,""hr_zone_0"":0,""hr_zone_1"":0,""hr_zone_2"":0,""hr_zone_3"":0,""steps"":2661,""distance"":3227,""elevation"":224,""metcumul"":224}",,2019-09-23T20:44:39+02:00
2019-09-21T11:57:00+02:00,2019-09-21T12:06:00+02:00,,,Europe/Madrid,Walking,"{""calories"":25,""intensity"":30,""hr_average"":0,""hr_min"":0,""hr_max"":0,""hr_zone_0"":0,""hr_zone_1"":0,""hr_zone_2"":0,""hr_zone_3"":0,""steps"":847,""distance"":682,""elevation"":34,""metcumul"":34}",,2019-09-23T20:44:39+02:00
2019-09-21T16:56:00+02:00,2019-09-21T17:00:00+02:00,,,Europe/Madrid,Walking,"{""calories"":11,""intensity"":30,""hr_average"":0,""hr_min"":0,""hr_max"":0,""hr_zone_0"":0,""hr_zone_1"":0,""hr_zone_2"":0,""hr_zone_3"":0,""steps"":299,""distance"":217,""elevation"":12,""metcumul"":12}",,2019-09-23T20:44:39+02:00
2019-09-23T15:37:00+02:00,2019-09-23T15:49:00+02:00,,,Europe/Madrid,Walking,"{""calories"":34,""intensity"":30,""hr_average"":0,""hr_min"":0,""hr_max"":0,""hr_zone_0"":0,""hr_zone_1"":0,""hr_zone_2"":0,""hr_zone_3"":0,""steps"":1241,""distance"":899,""elevation"":48,""metcumul"":48}",,2019-09-23T20:45:46+02:00
2019-09-25T10:55:00+02:00,2019-09-25T11:08:00+02:00,,,Europe/Amsterdam,Walking,"{""calories"":37,""intensity"":30,""hr_average"":0,""hr_min"":0,""hr_max"":0,""hr_zone_0"":0,""hr_zone_1"":0,""hr_zone_2"":0,""hr_zone_3"":0,""steps"":979,""distance"":717,""elevation"":42,""metcumul"":42}",,2019-09-29T00:56:05+02:00
2019-09-25T20:58:00+02:00,2019-09-25T21:11:00+02:00,,,Europe/Amsterdam,Walking,"{""calories"":37,""intensity"":30,""hr_average"":0,""hr_min"":0,""hr_max"":0,""hr_zone_0"":0,""hr_zone_1"":0,""hr_zone_2"":0,""hr_zone_3"":0,""steps"":1209,""distance"":850,""elevation"":48,""metcumul"":48}",,2019-09-29T00:56:05+02:00
2019-09-28T10:15:00+02:00,2019-09-28T10:32:00+02:00,,,Europe/Amsterdam,Running,"{""calories"":121,""intensity"":30,""hr_average"":0,""hr_min"":0,""hr_max"":0,""hr_zone_0"":0,""hr_zone_1"":0,""hr_zone_2"":0,""hr_zone_3"":0,""steps"":2447,""distance"":2867,""elevation"":187,""metcumul"":187}",,2019-09-29T00:56:05+02:00
2019-09-28T10:33:00+02:00,2019-09-28T10:42:00+02:00,,,Europe/Amsterdam,Walking,"{""calories"":25,""intensity"":30,""hr_average"":0,""hr_min"":0,""hr_max"":0,""hr_zone_0"":0,""hr_zone_1"":0,""hr_zone_2"":0,""hr_zone_3"":0,""steps"":805,""distance"":630,""elevation"":32,""metcumul"":32}",,2019-09-29T00:56:06+02:00
